calendar_year,subject_code,subject_title,course_code,course_title,credit_hours,description,prerequisites,corequisites,recommended_corequisites,exclusions,section_id,source_file,authority_status,validation_status
2026-27,ACWR,Academic Writing,ACWR-1010,Writing for Academic Purposes,3.0,"This course is designed to equip students with essential skills for writing in an academic context. Students will learn a variety of forms commonly required, including in particular book reviews and research essays . Students who have earned a grade of less than 73% in grade 12 English must register in ACWR-1010 .",,,,,CMU-UG-2026-27-COURSE-ACWR-1010,40-Course-Descriptions/ACWR-Academic-Writing.md,official_transcription,pending
2026-27,ANTH,Anthropology,ANTH-1610,Cultural Anthropology,3.0,"The comparative study of human societies and cultures, including language, economic, and political organization, family and kinship, ritual and belief systems, and cultural stability and change.",,,,,CMU-UG-2026-27-COURSE-ANTH-1610,40-Course-Descriptions/ANTH-Anthropology.md,official_transcription,pending
2026-27,ANTH,Anthropology,ANTH-1620,Human Origins and World Prehistory,3.0,"An introduction to the study of the biological nature of the human species and its origins, and of the cultural and biological record of the past. Topics to be engaged include biological evolution, the positions of humans within the Order Primates, the human fossil record, the nature of modern human variation, the nature of the archaeological record of the past, and the methods of archaeology.",,,,,CMU-UG-2026-27-COURSE-ANTH-1620,40-Course-Descriptions/ANTH-Anthropology.md,official_transcription,pending
2026-27,ANTH,Anthropology,ANTH-2100,Sociology and Anthropology of Religion,3.0,"In this course, we will explore religions as they are lived, practiced, and situated in society and culture, both in North America and across the world. We will consider religions' relationships to languages, social and cultural groups, institutions, political formations, social movements, power structures, and expressive cultures. And we will examine fluid and dynamic interrelationships between religions, cultures, and society, as they are situated in particular times and places. In so doing, we'll participate in ongoing discussions on religion in sociology and in anthropology.",30 credit hours of undergraduate studies,,,,CMU-UG-2026-27-COURSE-ANTH-2100,40-Course-Descriptions/ANTH-Anthropology.md,official_transcription,pending
2026-27,ANTH,Anthropology,ANTH-2820,"Aggression, Violence, and War in a Social-Scientific Perspective",3.0,"This course will investigate and assess psychological, sociological, anthropological, and socio-biological perspectives and theories of aggression, violence, and war. Case studies will be used to test the applicability of these theories, and their usefulness for approaching peacebuilding work.","PCTS-1110, PSYC-1020, SOCI-1110, or both ANTH-1610 and ANTH-1620",,,,CMU-UG-2026-27-COURSE-ANTH-2820,40-Course-Descriptions/ANTH-Anthropology.md,official_transcription,pending
2026-27,BTS,Biblical and Theological Studies,BTS-1100,Christianity: A (Very) Short Introduction,3.0,"This course will survey the history, thought, and practice of Christianity, from the period of the early church to the present.",,,,,CMU-UG-2026-27-COURSE-BTS-1100,40-Course-Descriptions/BTS-Biblical-and-Theological-Studies.md,official_transcription,pending
2026-27,BTS,Biblical and Theological Studies,BTS-1110,Biblical Literature and Themes,3.0,"This introductory course, intended for students familiar with the Bible, provides an overview of the Bible and biblical studies by exploring the content of the biblical story and its major themes; the geographic, cultural, and social contexts out of which the Bible emerged; the different types of literature in the Bible; and various ways of reading and interpreting biblical texts.",,,,,CMU-UG-2026-27-COURSE-BTS-1110,40-Course-Descriptions/BTS-Biblical-and-Theological-Studies.md,official_transcription,pending
2026-27,BTS,Biblical and Theological Studies,BTS-1140,Exploring Christian Spirituality,3.0,An introductory survey of various traditions and disciplines of Christian spirituality in the context of their historical development and contemporary expression. Students will be challenged to expand the scope of their understanding and practice of Christian spirituality as they engage and process the course material from within the context of their own religious traditions.,,,,,CMU-UG-2026-27-COURSE-BTS-1140,40-Course-Descriptions/BTS-Biblical-and-Theological-Studies.md,official_transcription,pending
2026-27,BTS,Biblical and Theological Studies,BTS-1150,Scripture as Dialogue,3.0,"The Bible is not a monologue. Instead, there is a recurring image of God as one who does as much listening as talking. By engaging with various dynamic encounters in which the characters are in actual dialogue, the course makes the case for reading scripture as dialogue in which human conversation with God changes the future. In doing so, the course argues that the Bible is better viewed as an open-ended conversation in which another world is possible with conversation—with each other and God.",,,,,CMU-UG-2026-27-COURSE-BTS-1150,40-Course-Descriptions/BTS-Biblical-and-Theological-Studies.md,official_transcription,pending
2026-27,BTS,Biblical and Theological Studies,BTS-1160,Christianity and Art,3.0,"The key claims and controversies of the Christian tradition are often thought to be associated primarily with the spoken word or the written text. But the history of Christianity is not limited to the production of creedal confessions and doctrinal statements. From their earliest beginnings, Christians have also been involved in the production of a rich and varied visual culture. This course will explore some of the ways Christians have attempted to reflect on their understanding of the Christian life through the production of painting, sculpture, architecture, and other forms of visual art. It will also provide an opportunity to consider Christianity’s complex relationship with images more generally by exploring the debate between those who claim that the production of Christian images can be a profound expression of faith and those who argue that any production of Christian images is an act of supreme unfaithfulness.",,,,,CMU-UG-2026-27-COURSE-BTS-1160,40-Course-Descriptions/BTS-Biblical-and-Theological-Studies.md,official_transcription,pending
2026-27,BTS,Biblical and Theological Studies,BTS-1170,Anabaptist Beginnings,3.0,"A study of the history, beliefs, and significance of the sixteenth-century Anabaptist movements.",,,,,CMU-UG-2026-27-COURSE-BTS-1170,40-Course-Descriptions/BTS-Biblical-and-Theological-Studies.md,official_transcription,pending
2026-27,BTS,Biblical and Theological Studies,BTS-2090,Mennonites in Canada and the United States,3.0,"A study of Mennonite social history in Canada and the United States from the first immigrations in the seventeenth century to the present, with special emphasis on Canada. BTS Category: Christian Traditions.",,,,,CMU-UG-2026-27-COURSE-BTS-2090,40-Course-Descriptions/BTS-Biblical-and-Theological-Studies.md,official_transcription,pending
2026-27,BTS,Biblical and Theological Studies,BTS-2160,The Psalms,3.0,"This course seeks to explore the art of biblical poetry, the theological and moral vision of the Psalms, and the function of these poems in the context of life and worship, both in ancient Israel and in contemporary spirituality. BTS Category: Bible.",,,,,CMU-UG-2026-27-COURSE-BTS-2160,40-Course-Descriptions/BTS-Biblical-and-Theological-Studies.md,official_transcription,pending
2026-27,BTS,Biblical and Theological Studies,BTS-2180,The Synoptic Gospels,3.0,"This course involves a study of the three Synoptic Gospels—Matthew, Mark, and Luke. It includes a treatment of their origins and inter-relationships, as well as an examination of their literary character and their distinctive theological presentations of Jesus. BTS Category: Bible.",,,,,CMU-UG-2026-27-COURSE-BTS-2180,40-Course-Descriptions/BTS-Biblical-and-Theological-Studies.md,official_transcription,pending
2026-27,BTS,Biblical and Theological Studies,BTS-2190,Luke-Acts,3.0,"Luke is distinctive among the four Gospels in that it is the first volume of a two-part composition: Luke-Acts. The course investigates the literary character, social context, and theology of this two-volume composition that tells the story of the emerging church from the beginning of the ministry of Jesus in Galilee to the imprisonment of Paul in Rome. BTS Category: Bible.",,,,,CMU-UG-2026-27-COURSE-BTS-2190,40-Course-Descriptions/BTS-Biblical-and-Theological-Studies.md,official_transcription,pending
2026-27,BTS,Biblical and Theological Studies,BTS-2200,Reading the Bible as a Witness to Liberation,3.0,"An introduction to the Bible as a witness to ways in which God liberates persons and communities from situations of oppression into ways of liberation, freedom, and transformation. While the various witnesses may sometimes seem cacophonous, the course will allow students to explore liberation as a common theme. Among other things, the course will prepare students to have a better appreciation of the continuities between the two testaments. BTS Category: Bible.",,,,,CMU-UG-2026-27-COURSE-BTS-2200,40-Course-Descriptions/BTS-Biblical-and-Theological-Studies.md,official_transcription,pending
2026-27,BTS,Biblical and Theological Studies,BTS-2230,Biblical Perspectives on Peace and Justice,3.0,The biblical writings are rich with images of peace and justice. This course seeks a deeper understanding of these biblical themes in light of the prevalence of violence and conflict in the ancient world and today. BTS Category: Bible.,,,,,CMU-UG-2026-27-COURSE-BTS-2230,40-Course-Descriptions/BTS-Biblical-and-Theological-Studies.md,official_transcription,pending
2026-27,BTS,Biblical and Theological Studies,BTS-2250,Ecotheology,3.0,"Concepts such as dominion, subjugation, and control are theologically charged concepts that have historically informed Christians’ approach to creation. The course will begin with a critical analysis of these concepts. We will then undertake a rereading of the biblical corpus that engenders creative and countercultural ecotheologies of care and kinship that place humans alongside others in creation in mutually belonging ways. We will be in dialogue with contemporary approaches to ecology and creation care, including Indigenous perspectives. BTS Category: Bible or Christian Traditions.",,,,,CMU-UG-2026-27-COURSE-BTS-2250,40-Course-Descriptions/BTS-Biblical-and-Theological-Studies.md,official_transcription,pending
2026-27,BTS,Biblical and Theological Studies,BTS-2260,Following Jesus Then and Now: Discipleship in the New Testament,3.0,"A central emphasis in the New Testament writings is discipleship, that is, following Jesus (Gospels) or living a new life in Christ (Paul). This course explores the various perspectives on discipleship in the New Testament to understand those perspectives in their historical and literary contexts, and to draw out their implications for followers of Jesus today. BTS Category: Bible.",,,,,CMU-UG-2026-27-COURSE-BTS-2260,40-Course-Descriptions/BTS-Biblical-and-Theological-Studies.md,official_transcription,pending
2026-27,BTS,Biblical and Theological Studies,BTS-2270,"Eat, Love, Reflect",3.0,"What would it mean to engage head, heart, and taste buds in the pursuit of spiritual and social transformation? Inspired by Jesus’ transformational encounters around food, the course undertakes an embodied exploration of what it means to God, neighbor, and self today by similarly eating with communities (religious and otherwise) in and around Winnipeg. Students will alternate between analyses of texts and eating with others, returning to reflect on their experiences to foster a grounded and embodied relationality. BTS Category: Bible or Christian Traditions.",,,,,CMU-UG-2026-27-COURSE-BTS-2270,40-Course-Descriptions/BTS-Biblical-and-Theological-Studies.md,official_transcription,pending
2026-27,BTS,Biblical and Theological Studies,BTS-2295,Topics in Biblical Studies,3.0,"A study of selected writings and/or themes in the Bible. Possible topics may span the whole Bible or focus on either Old or New Testament. The content of this course will vary from year to year, depending on the needs of students and the interests and availability of instructors. BTS Category: Bible.",,,,,CMU-UG-2026-27-COURSE-BTS-2295,40-Course-Descriptions/BTS-Biblical-and-Theological-Studies.md,official_transcription,pending
2026-27,BTS,Biblical and Theological Studies,BTS-2301,Music Ministry and Resources,3.0,"An introduction to music ministry in the church. Attention will be focused on the function of music in the context of Christian worship. In addition to exploring a variety of worship music styles and resources, attention will also be given to the development of leadership skills for music ministry. BTS Category: Practical Theology.",,,,,CMU-UG-2026-27-COURSE-BTS-2301,40-Course-Descriptions/BTS-Biblical-and-Theological-Studies.md,official_transcription,pending
2026-27,BTS,Biblical and Theological Studies,BTS-2310,Issues in Youth Ministry,3.0,The post-modern world creates challenges and opportunities for the church’s ministry to youth. Pressures and crises that put youth at risk will be identified and the issues with which many struggle will be explored with a goal of finding ministry responses that can lead to healthy growth and development. BTS Category: Practical Theology.,,,,,CMU-UG-2026-27-COURSE-BTS-2310,40-Course-Descriptions/BTS-Biblical-and-Theological-Studies.md,official_transcription,pending
2026-27,BTS,Biblical and Theological Studies,BTS-2311,A History of Worship Music,3.0,"A study of the development and practice of Christian worship music from the New Testament church through the 21st century, focusing primarily on congregational singing. The course will explore cultural and spiritual movements which gave rise to new forms of worship music throughout history, and trace recurring controversies and questions related to its practice. BTS Category: Practical Theology.",,,,,CMU-UG-2026-27-COURSE-BTS-2311,40-Course-Descriptions/BTS-Biblical-and-Theological-Studies.md,official_transcription,pending
2026-27,BTS,Biblical and Theological Studies,BTS-2370,The Art of Worship,3.0,"This course explores the meaning of worship through an examination of its practice. It will reflect on the role of preaching, music, prayer, and the dramatic and visual arts in worship. It will introduce the principles and practices of vital worship leadership, and it will provide opportunity to develop basic skills in worship leading and public communication. BTS Category: Practical Theology.",,,,,CMU-UG-2026-27-COURSE-BTS-2370,40-Course-Descriptions/BTS-Biblical-and-Theological-Studies.md,official_transcription,pending
2026-27,BTS,Biblical and Theological Studies,BTS-2410,Elementary Biblical Greek I,3.0,This course will introduce students to the fundamentals of Koine Greek grammar and vocabulary. Selected prose texts in the New Testament will be read and translated.,,,,,CMU-UG-2026-27-COURSE-BTS-2410,40-Course-Descriptions/BTS-Biblical-and-Theological-Studies.md,official_transcription,pending
2026-27,BTS,Biblical and Theological Studies,BTS-2421,Elementary Biblical Greek II,3.0,A continuation of the fundamentals of Koine Greek grammar and vocabulary. Selected prose texts in the New Testament will be read and translated.,BTS-2410 or LANG-2410,,,,CMU-UG-2026-27-COURSE-BTS-2421,40-Course-Descriptions/BTS-Biblical-and-Theological-Studies.md,official_transcription,pending
2026-27,BTS,Biblical and Theological Studies,BTS-2495,Topics in Practical Theology,3.0,"The content of this course will vary from year to year, depending on the needs of students and the interests and availability of instructors. BTS Category: Practical Theology.",,,,,CMU-UG-2026-27-COURSE-BTS-2495,40-Course-Descriptions/BTS-Biblical-and-Theological-Studies.md,official_transcription,pending
2026-27,BTS,Biblical and Theological Studies,BTS-2550,History of Christianity,3.0,A survey of the historical developments in Christianity from the early church to the present. Attention will be paid to the manner in which Christianity was influenced by its social setting and at the same time stimulated change in its host culture. BTS Category: Christian Traditions.,,,,,CMU-UG-2026-27-COURSE-BTS-2550,40-Course-Descriptions/BTS-Biblical-and-Theological-Studies.md,official_transcription,pending
2026-27,BTS,Biblical and Theological Studies,BTS-2570,Anabaptism: From European to Global Reality,3.0,"This course explores the evolving character of Anabaptist identity over a 500-year period. The course will begin by giving attention to sixteenth-century origins in Europe and it will follow the ongoing story of how Anabaptist communities evolved over several centuries before becoming a global reality. The course may give attention to selected issues and themes. For the most part, the accent in this course will be on the Mennonite story. BTS Category: Christian Traditions.",,,,,CMU-UG-2026-27-COURSE-BTS-2570,40-Course-Descriptions/BTS-Biblical-and-Theological-Studies.md,official_transcription,pending
2026-27,BTS,Biblical and Theological Studies,BTS-2580,"Saints, Martyrs, and Heretics: Exploring Theological Lives",3.0,"Why does the Christian tradition see fit to hold up certain exemplary lives as worthy of special attention? How do churches decide whom to venerate as a saint and whom to condemn as a heretic? Why do martyrs often find themselves torn between the categories of saint and heretic? What sorts of communities are formed by these exercises? This is course is an exercise in theology as biography, focusing on three forms of life that have figured prominently in the Christian tradition. BTS Category: Christian Traditions.",,,,,CMU-UG-2026-27-COURSE-BTS-2580,40-Course-Descriptions/BTS-Biblical-and-Theological-Studies.md,official_transcription,pending
2026-27,BTS,Biblical and Theological Studies,BTS-2590,Spinoza and His Mennonite Friends,3.0,"Benedict Spinoza (1632-1677) was one of the most important philosophers of the early modern period. He was also a very close friend to a substantial group of Mennonites. In addition to publishing his work and providing him with financial support, they were also key conversation partners who helped Spinoza to develop and refine his philosophical work. This course serves as an introduction to Spinoza’s thought, historical context, and legacy. In paying close attention to his Mennonite collaborators and the world in which they lived, it will also provide a window into aspects of historical Mennonite life and thought that tend to be somewhat underappreciated. BTS Category: Christian Traditions.",,,,,CMU-UG-2026-27-COURSE-BTS-2590,40-Course-Descriptions/BTS-Biblical-and-Theological-Studies.md,official_transcription,pending
2026-27,BTS,Biblical and Theological Studies,BTS-2610,"Mennonites, Literature, and the Arts: Lessons from the Low Countries",3.0,"It is often thought that Mennonites came to embrace the worlds of literature and the visual arts only very recently, in the second half of the 20th Century. But in 17th Century Amsterdam and the Netherlands, Mennonites were among its most prominent poets, dramatists, and visual artists. By studying the lives and works of these figures, this course explores a part of Mennonite history that is often underappreciated, at least in the North American context. BTS Category: Christian Traditions.",,,,,CMU-UG-2026-27-COURSE-BTS-2610,40-Course-Descriptions/BTS-Biblical-and-Theological-Studies.md,official_transcription,pending
2026-27,BTS,Biblical and Theological Studies,BTS-2700,Disability and Difference: Philosophical and Theological Perspectives,3.0,"The study of physical and mental disability offers the opportunity to discover both the problems and the potential of central philosophical and theological concerns: free will, reason, morality, solidarity, suffering, sin, and salvation, among others. Our goal in this class is to begin to see the indispensability of disability for our own self-understanding. Readings from ancient, modern, and contemporary authors will be included, from a variety of philosophical and theological perspectives, including the perspectives of persons with disabilities. BTS Category: Christian Traditions.",,,,,CMU-UG-2026-27-COURSE-BTS-2700,40-Course-Descriptions/BTS-Biblical-and-Theological-Studies.md,official_transcription,pending
2026-27,BTS,Biblical and Theological Studies,BTS-2750,Introduction to Christian Ethics,3.0,"A historical survey of Christian ethics from Greek thought to the present. Contemporary themes like liberation theology, peace theology, and feminism will be included. BTS Category: Christian Traditions.",,,,,CMU-UG-2026-27-COURSE-BTS-2750,40-Course-Descriptions/BTS-Biblical-and-Theological-Studies.md,official_transcription,pending
2026-27,BTS,Biblical and Theological Studies,BTS-2760,The Martyrs Mirror,3.0,The Martyrs Mirror is arguably the most important book in the Anabaptist tradition. This course will study both the content of this notable book and the historical context in which it came to be. Its relationship both to the wider tradition of Christian martyrdom and to its early-modern contemporaries like Foxe’s Book of Martyrs will be examined. Questions related to the way it shaped and continues to shape the Anabaptist tradition will also be explored. BTS Category: Christian Traditions.,,,,,CMU-UG-2026-27-COURSE-BTS-2760,40-Course-Descriptions/BTS-Biblical-and-Theological-Studies.md,official_transcription,pending
2026-27,BTS,Biblical and Theological Studies,BTS-2770,Animal Life: Philosophical and Theological Investigations,3.0,"How are we to understand the relationship between human and non-human animals? In what ways do animals communicate and use language? In what ways might they be said to think? Is it appropriate to treat animals as moral agents? What sorts of theological questions are at stake when we refer to animals as creatures? By attending to these sorts of questions, this course will examine the question of animal life as it is approached in the work of recent philosophy and theology. BTS Category: Christian Traditions.",,,,,CMU-UG-2026-27-COURSE-BTS-2770,40-Course-Descriptions/BTS-Biblical-and-Theological-Studies.md,official_transcription,pending
2026-27,BTS,Biblical and Theological Studies,BTS-2800,Theology of Peace and Justice,3.0,"This course explores selected literature on peace and justice, focusing on responses to conflict, violence, and war from the perspectives of Christian Pacifism and the Just War tradition. BTS Category: Christian Traditions.",,,,,CMU-UG-2026-27-COURSE-BTS-2800,40-Course-Descriptions/BTS-Biblical-and-Theological-Studies.md,official_transcription,pending
2026-27,BTS,Biblical and Theological Studies,BTS-2895,Topics in Christian Traditions,3.0,"The content of this course will vary from year to year, depending on the needs of students and the interests and availability of instructors. BTS Category: Christian Traditions.",,,,,CMU-UG-2026-27-COURSE-BTS-2895,40-Course-Descriptions/BTS-Biblical-and-Theological-Studies.md,official_transcription,pending
2026-27,BTS,Biblical and Theological Studies,BTS-2930,Biblical and Theological Studies Tour,3.0,"A study tour that takes students to international settings to enhance their knowledge and understanding of the Christian church. The course consists of (a) requisite readings, lectures, and research, (b) excursions and presentations led by qualified resource people while touring the study location, and (c) a summative assignment upon return.",,,,,CMU-UG-2026-27-COURSE-BTS-2930,40-Course-Descriptions/BTS-Biblical-and-Theological-Studies.md,official_transcription,pending
2026-27,BTS,Biblical and Theological Studies,BTS-2940,"Film, Faith, and Popular Culture",3.0,"This course is a conversation between contemporary movies and Christian faith. It explores how films reflect and shape the worldview, the commitments, and the virtues or vices of society, and how they express a religious or theological vision within popular culture. BTS Category: Christian Traditions.",,,,,CMU-UG-2026-27-COURSE-BTS-2940,40-Course-Descriptions/BTS-Biblical-and-Theological-Studies.md,official_transcription,pending
2026-27,BTS,Biblical and Theological Studies,BTS-3110,Prophets of Israel,3.0,"The course explores how the Israelite prophets responded to political, social, and religious crises by offering critical and constructive analysis, by announcing alternative visions of the future, and by calling for a just social order rooted in faithfulness to one God. The course includes reflection on social scientific perspectives on prophecy; specific prophetic books; stories of individual prophets; and the theological significance of the prophetic literature.",,,,,CMU-UG-2026-27-COURSE-BTS-3110,40-Course-Descriptions/BTS-Biblical-and-Theological-Studies.md,official_transcription,pending
2026-27,BTS,Biblical and Theological Studies,BTS-3120,Dante: The Divine Comedy,3.0,"When, at the mid-point of his life, Dante found himself in the midst of a crisis, he turned to the dead to help him find his way. Equal parts literature, poetry, history, politics, philosophy, and theology, this course will follow Dante’s epic journey through hell, purgatory, and heaven as recorded in the Divine Comedy .","6 credit hours of introductory English (1010-1050), including one of ENGL-1010, ENGL-1020, or ENGL-1050, or 6 credit hours of 1000- or 2000-level Philosophy. BTS Category: Christian Traditions",,,,CMU-UG-2026-27-COURSE-BTS-3120,40-Course-Descriptions/BTS-Biblical-and-Theological-Studies.md,official_transcription,pending
2026-27,BTS,Biblical and Theological Studies,BTS-3130,Beginnings: Genesis to Deuteronomy,3.0,"A study of the first five books of the Bible which tell the foundational stories of ancient Israel, and whose narratives and laws shape the identity and mission of the people of God. The course will focus on the content, background, style, and theological vision of the books of Genesis, Exodus, Leviticus, Numbers, and Deuteronomy.",,,,,CMU-UG-2026-27-COURSE-BTS-3130,40-Course-Descriptions/BTS-Biblical-and-Theological-Studies.md,official_transcription,pending
2026-27,BTS,Biblical and Theological Studies,BTS-3140,"Freedom, Liberation, and Politics in the Bible",3.0,"While freedom and liberation are words that are commonly used in global politics, they are also themes that animate the world of the Bible. This course will allow students to appreciate the Bible’s positive politics, allowing for an exploration of freedom and liberation as common themes through a close reading of various biblical texts and stories alongside other secondary sources.",,,,,CMU-UG-2026-27-COURSE-BTS-3140,40-Course-Descriptions/BTS-Biblical-and-Theological-Studies.md,official_transcription,pending
2026-27,BTS,Biblical and Theological Studies,BTS-3170,"Paul, Apostle to the Gentiles",3.0,"The course investigates the principal writings of Paul in the New Testament to discover how his thought guided the communities formed by his mission to the Gentiles. Attention will be given to Paul’s sense of call, his central convictions, method of argument, opponents, approach to cultural diversity, and view of the Jewish law.",,,,,CMU-UG-2026-27-COURSE-BTS-3170,40-Course-Descriptions/BTS-Biblical-and-Theological-Studies.md,official_transcription,pending
2026-27,BTS,Biblical and Theological Studies,BTS-3180,Role of Complaint in Peacebuilding,3.0,"Building on the dialogues between the biblical figure of Job and his friends, this course will examine the causes and consequences of prejudice against legitimate complaint and develop ways to positively intervene in such situations in churches and other institutions. Students will develop final projects in chosen areas of Bible, ethics, or practical theology in conversation with insights from theology, sociology, and psychology with options for pursuing interdisciplinary work in peacebuilding.",30 credit hours of university-level studies. BTS Category: Bible or Practical Theology,,,,CMU-UG-2026-27-COURSE-BTS-3180,40-Course-Descriptions/BTS-Biblical-and-Theological-Studies.md,official_transcription,pending
2026-27,BTS,Biblical and Theological Studies,BTS-3190,Terrifying Texts,3.0,"Biblical stories such as the sacrifice of Jephthah’s Daughter, the genocide of Canaanites, the rape of Tamar, and the judgment of Ananias and Sapphira can terrify a reader because of the violence they contain. Other biblical texts such as the Jubilee laws, the visions of Ezekiel and Revelation, the story of the daughters of Zelophehad, and Jesus’ encounter with the Syrophoenician woman might elicit a different kind of “terror,” namely, the awe of “what if” and a world filled with strange encounters and transformative possibilities. By inviting students to consider both kinds of stories, Terrifying Texts is a course that allows for critical thinking to emerge in spaces of tension and terror, wonder, and hope by fostering a dialogue between biblical texts and contexts, then and now.",,,,,CMU-UG-2026-27-COURSE-BTS-3190,40-Course-Descriptions/BTS-Biblical-and-Theological-Studies.md,official_transcription,pending
2026-27,BTS,Biblical and Theological Studies,BTS-3240,New Testament Economics,3.0,"A study of the economic structures, practices, and thinking during the New Testament period, focusing on such themes as wealth, poverty, labour, and possessions. A review of contemporary economic theory and Christian practice will be considered in the light of the historical and biblical exploration.",,,,,CMU-UG-2026-27-COURSE-BTS-3240,40-Course-Descriptions/BTS-Biblical-and-Theological-Studies.md,official_transcription,pending
2026-27,BTS,Biblical and Theological Studies,BTS-3246,Biblical Languages for Exegesis,3.0,"This course introduces students to biblical Hebrew and Greek. It is designed for non-specialists looking for Hebrew and Greek language tools that facilitate study of the biblical text. The goal is to illuminate the characteristics and distinctive features of each language in order to help students evaluate commentaries, engage in advanced linguistic and semantic analysis, and use Bible computer programs and printed research aids.",,,,,CMU-UG-2026-27-COURSE-BTS-3246,40-Course-Descriptions/BTS-Biblical-and-Theological-Studies.md,official_transcription,pending
2026-27,BTS,Biblical and Theological Studies,BTS-3280,Feminist Perspectives on Bible and Theology,3.0,"Recognizing that how we interpret the Bible, do theology, and practice faith is always contextual, this course will explore the critical engagement of Scripture and theology from a feminist perspective. It will survey how feminist discourse has changed over the years; explore contributions of feminist scholars to biblical studies and to understandings of God, church, and spirituality; and acknowledge contributions of womanist theologies and non-Euro-American feminist theologies. Attention will be given to how themes and issues in feminist theology and biblical interpretation intersect with our own lives and how they might contribute to furthering relationships of mutuality, justice, and shalom",,,,,CMU-UG-2026-27-COURSE-BTS-3280,40-Course-Descriptions/BTS-Biblical-and-Theological-Studies.md,official_transcription,pending
2026-27,BTS,Biblical and Theological Studies,BTS-3290,Jesus in John,3.0,This course is a study of the literature and theology of the Gospel and Letters of John. It will examine the distinctive portrayal of Jesus in the Johannine writings and the implications of that understanding of Jesus for ancient and contemporary readers.,,,,,CMU-UG-2026-27-COURSE-BTS-3290,40-Course-Descriptions/BTS-Biblical-and-Theological-Studies.md,official_transcription,pending
2026-27,BTS,Biblical and Theological Studies,BTS-3295,Topics in Biblical Studies,3.0,"A study of selected writings and/or themes in the Bible. Possible topics, which may span the whole Bible or focus on either testament, include kingdom of God, worship, law, economics, work and rest, gender, the family, apocalyptic, spirituality, leadership, images of God and humanity, divine sovereignty and human freedom, the people of God and the nations.",,,,,CMU-UG-2026-27-COURSE-BTS-3295,40-Course-Descriptions/BTS-Biblical-and-Theological-Studies.md,official_transcription,pending
2026-27,BTS,Biblical and Theological Studies,BTS-3310,Church Renewal and Music in the Twentieth Century,3.0,"A study of the renewal movements in the twentieth century, studying both their theology and music, including the impact of Vatican II, the charismatic movement, Taizé, Vineyard movement, etc. Attention will also be given to developments in contemporary hymnody.",30 credit hours of university-level studies. BTS Category: Practical Theology,,,,CMU-UG-2026-27-COURSE-BTS-3310,40-Course-Descriptions/BTS-Biblical-and-Theological-Studies.md,official_transcription,pending
2026-27,BTS,Biblical and Theological Studies,BTS-3495,Topics in Practical Theology,3.0,"The content of this course will vary from year to year, depending on the needs of students and the interests and availability of instructors.",,,,,CMU-UG-2026-27-COURSE-BTS-3495,40-Course-Descriptions/BTS-Biblical-and-Theological-Studies.md,official_transcription,pending
2026-27,BTS,Biblical and Theological Studies,BTS-3520,Sixteenth-Century Reformations,3.0,"A study of the Reformations of the sixteenth century, including the Lutheran, Reformed, Anglican, Anabaptist, and Roman Catholic reforms within their social and political contexts. Special attention will be given to the key texts of the various movements.",,,,,CMU-UG-2026-27-COURSE-BTS-3520,40-Course-Descriptions/BTS-Biblical-and-Theological-Studies.md,official_transcription,pending
2026-27,BTS,Biblical and Theological Studies,BTS-3550,Trans-Atlantic Evangelicalism,3.0,"In 1647 George Fox spoke of “an inward transformation of heart.” In 1738 Charles Wesley “felt my heart strangely warmed;” and in 1921, Aimee Semple McPherson heard a sermon that, “seemed to pierce like an arrow through my heart.” From hearts so touched and divine warmth came many active in their faith, communities, and in such causes as abolitionism and temperance. Evangelicalism also engaged the mind where science, theology, arts, and culture were explored seriously. In this course we will explore evangelicalism in an international context over the past three centuries and how in its diversity it engaged culture, society, the church, and the individual through the heart and mind.","30 credit hours of university-level studies, including 6 credit hours of 1000- or 2000-level History. BTS Category: Christian Traditions",,,,CMU-UG-2026-27-COURSE-BTS-3550,40-Course-Descriptions/BTS-Biblical-and-Theological-Studies.md,official_transcription,pending
2026-27,BTS,Biblical and Theological Studies,BTS-3700,The City and the Soul: Encountering Winnipeg Through The Wire,3.0,This course takes up the longstanding analogy of the city and the soul and explores it in the context of the contemporary city. Through an extended reading of The Wire —a critically acclaimed TV drama about the city—it invites students to reflect on what it might mean to pursue the good life in Winnipeg.,"30 credit hours of university-level studies, including 6 credit hours of Philosophy. BTS Category: Christian Traditions",,,,CMU-UG-2026-27-COURSE-BTS-3700,40-Course-Descriptions/BTS-Biblical-and-Theological-Studies.md,official_transcription,pending
2026-27,BTS,Biblical and Theological Studies,BTS-3710,Theology of Mission,3.0,A critical survey of the history of Christian mission throughout the world to provide a framework for an understanding of recent developments in the theology of mission. Mennonite contributions to this discourse will receive significant attention. The course will conclude with a consideration of the nature of missionary witness to secular Western society.,,,,,CMU-UG-2026-27-COURSE-BTS-3710,40-Course-Descriptions/BTS-Biblical-and-Theological-Studies.md,official_transcription,pending
2026-27,BTS,Biblical and Theological Studies,BTS-3740,Social Issues in Christian Perspective,3.0,"An examination of how the Christian imagination informs and addresses several social issues in today’s world. Students will choose a specific social issue from areas such as medical ethics, business ethics, political ethics, and sexuality.","30 credit hours of university-level studies. BTS Category: Christian Traditions. BTS-3750 Shakespeare, Philosophy, and Religion ( 3.0 credit hours) Taking a cue from the American philosopher Stanley Cavell, this course places the work of Shakespeare into conversation with early modern philosophy and religion. In particular, it will explore the claim that Shakespeare’s tragic and post-tragic plays—Othello, King Lear, The Winters Tale, The Tempest—are responding in different ways to the same challenges associated with early modern philosophers such as René Descartes. Finally, it will examine how these issues play out in early modern religious life and thought. Prerequisite(s): 30 credit hours of university-level studies. BTS Category: Christian Traditions",,,,CMU-UG-2026-27-COURSE-BTS-3740,40-Course-Descriptions/BTS-Biblical-and-Theological-Studies.md,official_transcription,pending
2026-27,BTS,Biblical and Theological Studies,BTS-3760,Literature and Theology,3.0,"An interdisciplinary study of literary and doctrinal texts that invites students to experience these sources theologically and imaginatively, doing so in a way that enables the study of various themes such as redemption, forgiveness, love and fidelity to others and to creation.","30 credit hours of university-level studies, including 6 credit hours in either Biblical and Theological Studies or introductory English (1010-1050), the latter of which must include one of ENGL-1010, ENGL-1020, or ENGL-1050. BTS Category: Christian Traditions",,,,CMU-UG-2026-27-COURSE-BTS-3760,40-Course-Descriptions/BTS-Biblical-and-Theological-Studies.md,official_transcription,pending
2026-27,BTS,Biblical and Theological Studies,BTS-3765,Mennonite Literature and Theology,3.0,"Writers of Mennonite heritage have found a prominent place in Canadian and American literature, and Mennonite literature, broadly understood to include fiction, poetry, memoir, and literary criticism, has become a recognizable minor literature in North America. This course will provide an opportunity to read and consider theological writings alongside of Mennonite literature produced by writers such as Rudy Wiebe, Julia Kasdorf, Miriam Toews, David Bergen, Dora Dueck, and Di Brandt, attempting to understand literary style, thematic developments, Mennonite sensibilities embraced or denied and so on. Given the unique opportunity afforded by our location, the course may incorporate presentations by Winnipeg writers.",30 credit hours of university-level studies. BTS Category: Christian Traditions,,,,CMU-UG-2026-27-COURSE-BTS-3765,40-Course-Descriptions/BTS-Biblical-and-Theological-Studies.md,official_transcription,pending
2026-27,BTS,Biblical and Theological Studies,BTS-3770,Anabaptist-Mennonite Theology,3.0,"A study of several central beliefs of the Anabaptist-Mennonite faith tradition. Examples are church-world, baptism, pacifism, biblical authority, and discipleship.",,,,,CMU-UG-2026-27-COURSE-BTS-3770,40-Course-Descriptions/BTS-Biblical-and-Theological-Studies.md,official_transcription,pending
2026-27,BTS,Biblical and Theological Studies,BTS-3780,Interfaith and Intercultural Encounters,3.0,"Interfaith and intercultural encounters are part of everyday life and may involve indifference, conflict, or violence, a surface ‑ level tolerance or co ‑ existence, or mutual learning and flourishing. This course examines how such encounters shape personal, social, ecclesial, and political life. Drawing on Christian traditions along with Indigenous, Jewish, Islamic, and other perspectives, students consider how encounters with “the other” can foster respect, dignity, and human flourishing.",30 credit hours of university-level studies. BTS Category: Christian Traditions,,,,CMU-UG-2026-27-COURSE-BTS-3780,40-Course-Descriptions/BTS-Biblical-and-Theological-Studies.md,official_transcription,pending
2026-27,BTS,Biblical and Theological Studies,BTS-3895,Topics in Christian Traditions,3.0,"The content of this course will vary from year to year, depending on the needs of students and the interests and availability of instructors.",,,,,CMU-UG-2026-27-COURSE-BTS-3895,40-Course-Descriptions/BTS-Biblical-and-Theological-Studies.md,official_transcription,pending
2026-27,BTS,Biblical and Theological Studies,BTS-4000,Honours Thesis,6.0,This course is restricted to students completing an honours program in BTS. Eligible students should refer to the Thesis Writing Procedures in the Academic Policies section of this calendar.,,,,,CMU-UG-2026-27-COURSE-BTS-4000,40-Course-Descriptions/BTS-Biblical-and-Theological-Studies.md,official_transcription,pending
2026-27,BTS,Biblical and Theological Studies,BTS-4030,Pentateuch,3.0,"This course will focus on the first five books of the Hebrew Bible also known as the Torah. We will examine a number of introductory issues (such as composition and background) and give some attention to the Pentateuch’s major themes (creation, people, Exodus, war, covenant, law, sacrificial system, etc.). The course will also survey all five books in order to assess their theological significance both with respect to ancient Israel and the church today.",,,,,CMU-UG-2026-27-COURSE-BTS-4030,40-Course-Descriptions/BTS-Biblical-and-Theological-Studies.md,official_transcription,pending
2026-27,BTS,Biblical and Theological Studies,BTS-4040,Old Testament Theology,3.0,"The primary objective of this course is to articulate the notion of a theological centre and to verify how it is expressed in its various parts. This centre will be used as a principle of integration for the diversity of phenomena attested in the Hebrew Bible, as well as to facilitate the discussion of its theological and pastoral relevance. In addition, we will examine some of the Old Testament's most critical issues such as: creation, covenant, law, war, the sacrificial system, etc. Students will be challenged to develop their hermeneutical skills with regard to the literary specificity of the major sections of the Old Testament (Law, Prophets and Writings).",,,,,CMU-UG-2026-27-COURSE-BTS-4040,40-Course-Descriptions/BTS-Biblical-and-Theological-Studies.md,official_transcription,pending
2026-27,BTS,Biblical and Theological Studies,BTS-4100,Biblical Theology,3.0,"This course explores a variety of topics and trends in biblical theology. The focus could be the whole Bible, the Old Testament, or the New Testament. Topics could include: the central themes that characterize the unity and the diversity of the Bible; a survey of approaches to biblical theology; the relationship of Old Testament and New Testament; the authority of the Bible; exploring recent work in either Old Testament or New Testament theology; and the influence of contemporary intellectual trends on the discipline of biblical theology.",,,,,CMU-UG-2026-27-COURSE-BTS-4100,40-Course-Descriptions/BTS-Biblical-and-Theological-Studies.md,official_transcription,pending
2026-27,BTS,Biblical and Theological Studies,BTS-4110,Independent Study in Bible,3.0,"Reading and research in the field of a student’s interest, carried out under the direction of a faculty member.",,,,,CMU-UG-2026-27-COURSE-BTS-4110,40-Course-Descriptions/BTS-Biblical-and-Theological-Studies.md,official_transcription,pending
2026-27,BTS,Biblical and Theological Studies,BTS-4120,Readings in Biblical Hebrew,3.0,Translation and interpretation of selected Old Testament Hebrew passages. Increasing competence in vocabulary and grammar will be emphasized.,,,,,CMU-UG-2026-27-COURSE-BTS-4120,40-Course-Descriptions/BTS-Biblical-and-Theological-Studies.md,official_transcription,pending
2026-27,BTS,Biblical and Theological Studies,BTS-4140,Readings in Biblical Greek,3.0,Translation and interpretation of selected New Testament Greek passages. Increasing competence in vocabulary and grammar will be emphasized.,,,,,CMU-UG-2026-27-COURSE-BTS-4140,40-Course-Descriptions/BTS-Biblical-and-Theological-Studies.md,official_transcription,pending
2026-27,BTS,Biblical and Theological Studies,BTS-4180,Jews and Christians in Greco-Roman Society,3.0,"This course will study the development of Jewish and Christian self-definition during the formative years of the new community of Christians in the Greco-Roman world. The investigation will focus on Jewish religious and social life in the second temple period, the pre-Pauline Jewish Christian community, Paul and the launching of the Gentile world mission, the development of Christologies in the new communities, and the forces that separated the Christian and Jewish communities.",60 credit hours of university-level studies. BTS Category: Bible,,,,CMU-UG-2026-27-COURSE-BTS-4180,40-Course-Descriptions/BTS-Biblical-and-Theological-Studies.md,official_transcription,pending
2026-27,BTS,Biblical and Theological Studies,BTS-4184,Liberating Good News: The Gospel of Luke,3.0,"This course studies the Gospel of Luke as a theological narrative proclaiming the liberating good news of salvation through Jesus. Students will explore Luke’s literary features, key theological themes, and the social-historical context of its writing. The course introduces major interpretive scholarship, includes close reading and exegesis of selected texts, and examines how Luke prepares readers for Acts. Students will also reflect on how Luke’s story continues to shape Christian life and the church today. Prerequisites: 60 credit hours of university-level studies. BTS Category: Bible.",,,,,CMU-UG-2026-27-COURSE-BTS-4184,40-Course-Descriptions/BTS-Biblical-and-Theological-Studies.md,official_transcription,pending
2026-27,BTS,Biblical and Theological Studies,BTS-4185,Disruptive Good News: The Church in Acts,3.0,"The church in the Acts of the Apostles is accused of “turning the world upside down” (Acts 17:6). The Holy Spirit blows through the church, often turning it upside down. This course will examine how the good news of Jesus’ life, death, and resurrection disrupted people’s lives, social conventions, religious beliefs, and systems of power, even as it birthed a Spirit-empowered community of faith that continues in the church today. The emphasis will be on a literary, theological, and pastoral reading of Acts, rather than on historical exegetical issues. Throughout the course we will ask how the contemporary church can learn from and be challenged by this disruptive good news. Prerequisites: 60 credit hours of university-level studies. BTS Category: Bible.",,,,,CMU-UG-2026-27-COURSE-BTS-4185,40-Course-Descriptions/BTS-Biblical-and-Theological-Studies.md,official_transcription,pending
2026-27,BTS,Biblical and Theological Studies,BTS-4190,James and the Sermon on the Mount,3.0,"The Sermon on the Mount and the Epistle of James both envision a way of life for followers of Jesus that is distinctive, demanding, and ultimately life-giving. They address some common themes: wealth and poverty, persecution, law, prayer, and speech ethics, to name a few. At the same time, James and the Sermon on the Mount are also very different, in terms of genre, style, canonical setting, and historical context. The person of Jesus figures very differently in each. This course will be a study of these two influential bodies of writing, with attention to overall literary structure, canonical context, social historical setting, theological themes, and ongoing relevance for Christian faith.",,,,,CMU-UG-2026-27-COURSE-BTS-4190,40-Course-Descriptions/BTS-Biblical-and-Theological-Studies.md,official_transcription,pending
2026-27,BTS,Biblical and Theological Studies,BTS-4200,Bible and Emotion,3.0,"Are there good and bad emotions? Jesus is recorded as weeping in public, getting angry, extending kindness to children, and loving flowers. Similarly, other characters in the Psalms and elsewhere bring positive emotions like happiness and trust and negative emotions like sorrow and anxiety into community life. The course asks if human flourishing today is better enabled in allowing the manifestation of the full range of human emotions in religious and public life.",,,,,CMU-UG-2026-27-COURSE-BTS-4200,40-Course-Descriptions/BTS-Biblical-and-Theological-Studies.md,official_transcription,pending
2026-27,BTS,Biblical and Theological Studies,BTS-4210,"Gender, Class, and Ethnicity in the Pauline Letters",3.0,"Some of the most contentious issues with respect to gender, class, and ethnicity are found in the Pauline letters. They are important to analyze because Paul’s letters make up a third of the New Testament. The course dives into key biblical texts on these topics, allowing students to engage with wide-ranging debates regarding interpretation and application with attention to their historical and contemporary significance.",,,,,CMU-UG-2026-27-COURSE-BTS-4210,40-Course-Descriptions/BTS-Biblical-and-Theological-Studies.md,official_transcription,pending
2026-27,BTS,Biblical and Theological Studies,BTS-4295,Topics in Biblical Studies,3.0,"A study of selected writings and/or themes in the Bible. Possible topics, which may span the whole Bible or focus on either testament, include creation and recreation, covenant and community, law and justice, images of God and humanity, Christology, the theology of Paul, ecclesiology, etc.",,,,,CMU-UG-2026-27-COURSE-BTS-4295,40-Course-Descriptions/BTS-Biblical-and-Theological-Studies.md,official_transcription,pending
2026-27,BTS,Biblical and Theological Studies,BTS-4370,Pastoral Care,3.0,"This course will cover theoretical and practical issues related to pastoral care among persons in various stages of life, who may be encountering transitions such as birth, baptism, marriage, career, accident, illness, or death. Biblical and theological understandings along with a diversity of resources, methods, and approaches will give insight into effective ways of ministering to others.",60 credit hours of university-level studies. BTS Category: Practical Theology,,,,CMU-UG-2026-27-COURSE-BTS-4370,40-Course-Descriptions/BTS-Biblical-and-Theological-Studies.md,official_transcription,pending
2026-27,BTS,Biblical and Theological Studies,BTS-4400,The Art of Preaching,3.0,"This course seeks to cultivate the skills needed to preach effectively by exploring topics like the nature and purpose of preaching, how to move from biblical text to sermon, creative sermon forms, and the power of stories and illustrations. Students will have opportunity to practice basic skills of oral communication and find their own unique preaching voice.",,,,,CMU-UG-2026-27-COURSE-BTS-4400,40-Course-Descriptions/BTS-Biblical-and-Theological-Studies.md,official_transcription,pending
2026-27,BTS,Biblical and Theological Studies,BTS-4410,Independent Study in Practical Theology,3.0,A study in a specific area of practical theology under the direction of a faculty member.,,,,,CMU-UG-2026-27-COURSE-BTS-4410,40-Course-Descriptions/BTS-Biblical-and-Theological-Studies.md,official_transcription,pending
2026-27,BTS,Biblical and Theological Studies,BTS-4420,Christian Worship,3.0,"This course will include a biblical, historical, and theological examination of worship, as well as focus on issues related to the contemporary practice of worship, including worship in the Anabaptist-Mennonite experience. Practical implications of worship will also be explored such as worship planning, worship leading, and the visual arts in worship.",60 credit hours of university-level studies. BTS Category: Practical Theology,,,,CMU-UG-2026-27-COURSE-BTS-4420,40-Course-Descriptions/BTS-Biblical-and-Theological-Studies.md,official_transcription,pending
2026-27,BTS,Biblical and Theological Studies,BTS-4430,Prayer,3.0,"This course will help students develop their convictions and practices of prayer—both individual and communal—by examining Christian prayer in scripture (including Psalms, the Lord’s Prayer, and other New Testament prayers), as well as theology and church history. Students will be given opportunities to experience and respond to various prayer practices individually and in groups. An underlying theme for the course is ‘No one prays alone.’",,,,,CMU-UG-2026-27-COURSE-BTS-4430,40-Course-Descriptions/BTS-Biblical-and-Theological-Studies.md,official_transcription,pending
2026-27,BTS,Biblical and Theological Studies,BTS-4431,Christian Spirituality,3.0,". This course introduces students to the study of Christian spirituality by examining diverse traditions of Christian spirituality historically and presently, by considering the scriptural and theological moorings of these traditions, and by engaging in research that studies spiritual life. Through these explorations, students will be invited to consider their own spiritual heritage and ongoing spiritual development.",,,,,CMU-UG-2026-27-COURSE-BTS-4431,40-Course-Descriptions/BTS-Biblical-and-Theological-Studies.md,official_transcription,pending
2026-27,BTS,Biblical and Theological Studies,BTS-4435,Anabaptist Spirituality,3.0,"The spirituality of sixteenth-century Anabaptists has shaped differing Mennonite denominations and inspired other Christian groups. This course traces key expressions of this ‘radical Reformation' spirituality and considers how they are expressed in contemporary Christian contexts. Students will read writings about and by the first Anabaptists, pray Anabaptist prayers, and explore implications of Anabaptist spirituality for the students' own contexts.",,,,,CMU-UG-2026-27-COURSE-BTS-4435,40-Course-Descriptions/BTS-Biblical-and-Theological-Studies.md,official_transcription,pending
2026-27,BTS,Biblical and Theological Studies,BTS-4440,Spiritual Formation,3.0,. This experience-centred course introduces students to practices and perspectives for growing in attentiveness to God’s presence in order to be continually formed into Christlikeness by the Holy Spirit. The course helps cultivate spiritual habits that can sustain students in their future ministries within and beyond local congregations. Both individual and communal spiritual formation will be explored.,,,,,CMU-UG-2026-27-COURSE-BTS-4440,40-Course-Descriptions/BTS-Biblical-and-Theological-Studies.md,official_transcription,pending
2026-27,BTS,Biblical and Theological Studies,BTS-4450,"Practices, Rituals, and the Christian Imagination",3.0,"The most vital and subtle lessons of the Christian faith and life are conveyed in practices, rituals, and gestures, which are formative and powerful because they are embodied theology that refuses to separate the mind, heart and body. This course will explore central Christian practices such as Baptism, the Eucharist, Weddings, and Funerals and consider new and emerging rituals and practices in Christian faith communities.",,,,,CMU-UG-2026-27-COURSE-BTS-4450,40-Course-Descriptions/BTS-Biblical-and-Theological-Studies.md,official_transcription,pending
2026-27,BTS,Biblical and Theological Studies,BTS-4460,Faith Formation and Christian Education,3.0,"“ Christians are made, not born…” (Tertullian) This course will examine ministry as a means of nurturing faith, forming disciples, and equipping the saints. It will examine various models of faith formation including Christian/religious education paradigms and personal and communal practices as places for faith formation. The primary focus of the course will be on creating an ecology for growing mature Christians with insights that can be extended to a variety of faith settings including the congregation, camp, Christian schools, or youth ministry.",,,,,CMU-UG-2026-27-COURSE-BTS-4460,40-Course-Descriptions/BTS-Biblical-and-Theological-Studies.md,official_transcription,pending
2026-27,BTS,Biblical and Theological Studies,BTS-4470,Moving Beyond Church Walls,3.0,"This course explores how the mission of God shapes the church’s practices of mission. Students will consider the challenges of, and opportunities for, communicating the gospel with words and actions in diverse Canadian contexts. Topics to be considered include the nature of the church; belonging to a witnessing, reconciling community; describing the gospel; and how local, ecumenically diverse congregations integrate their theology and praxis of mission.",,,,,CMU-UG-2026-27-COURSE-BTS-4470,40-Course-Descriptions/BTS-Biblical-and-Theological-Studies.md,official_transcription,pending
2026-27,BTS,Biblical and Theological Studies,BTS-4480,Vital Leadership,3.0,"Rather than bemoaning the organizational (i.e., institutional) dimension of churches and Christian ministries as a necessary evil, or hindrance to faithfulness, what if the institutional life of Christian organizations was truly lifegiving? This course provides students an opportunity to focus on specific leadership, polity, and management realities of Christian ministry as avenues of spiritual vitality. The course will provide opportunities to develop skills in these aspects of ministry, and to think theologically about them. Course topics can vary from year to year, and may include the following: developing leaders, strategic planning, decision-making, constitutions and bylaws, financial management, time management, conflict resolution.",,,,,CMU-UG-2026-27-COURSE-BTS-4480,40-Course-Descriptions/BTS-Biblical-and-Theological-Studies.md,official_transcription,pending
2026-27,BTS,Biblical and Theological Studies,BTS-4495,Topics in Practical Theology,3.0,A course in a particular area of practical theology. The content of this course will vary and will be announced in time for student registration.,,,,,CMU-UG-2026-27-COURSE-BTS-4495,40-Course-Descriptions/BTS-Biblical-and-Theological-Studies.md,official_transcription,pending
2026-27,BTS,Biblical and Theological Studies,BTS-4500,Topics in Mennonite Studies,3.0,"A topic will be selected for special study. The topic may be defined chronologically, (e.g., Mennonites and economics from sixteenth century to the present), geographically (e.g., Mennonites in Canada, the United States, or Poland and Prussia), or by subject matter (e.g., Anabaptist-Mennonite confessions of faith).",,,,,CMU-UG-2026-27-COURSE-BTS-4500,40-Course-Descriptions/BTS-Biblical-and-Theological-Studies.md,official_transcription,pending
2026-27,BTS,Biblical and Theological Studies,BTS-4710,Independent Study in Christian Traditions,3.0,Readings under the direction of a faculty member in theology.,,,,,CMU-UG-2026-27-COURSE-BTS-4710,40-Course-Descriptions/BTS-Biblical-and-Theological-Studies.md,official_transcription,pending
2026-27,BTS,Biblical and Theological Studies,BTS-4720,Contemporary Theological Themes,3.0,"A seminar in which topics like the following are considered: discipleship, post-modern approaches to theology, ecclesiology, etc.",,,,,CMU-UG-2026-27-COURSE-BTS-4720,40-Course-Descriptions/BTS-Biblical-and-Theological-Studies.md,official_transcription,pending
2026-27,BTS,Biblical and Theological Studies,BTS-4730,Theological Ethics,3.0,"This course will examine the development of Christian ethical reflection within a biblical, theological, liturgical, and historical framework. Such an approach will provide students the possibility of entering into conversation with various Christian ethical traditions. While this is not primarily a survey course in methods and theories, considerations of what it might mean to shape Christian ethics theologically will expose students to a variety of approaches and specific issues.",,,,,CMU-UG-2026-27-COURSE-BTS-4730,40-Course-Descriptions/BTS-Biblical-and-Theological-Studies.md,official_transcription,pending
2026-27,BTS,Biblical and Theological Studies,BTS-4740,Systematic Theology,3.0,"This course gives attention to the major themes of Christian belief such as revelation and the authority of scripture, God and creation, the nature of humanity, the person and work of Jesus Christ, sin and salvation, the nature of the church and its practices, the Christian life, and eschatology.",,,,,CMU-UG-2026-27-COURSE-BTS-4740,40-Course-Descriptions/BTS-Biblical-and-Theological-Studies.md,official_transcription,pending
2026-27,BTS,Biblical and Theological Studies,BTS-4770,"Jesus Christ as Cultural Icon: Jesus in Art, Culture, and Theology",3.0,"Whether one is religious or not, the figure of Jesus Christ looms large and takes various forms in the cultural imagination across the globe. The Christian faith too holds within its traditions a variety of ‘pictures’ of Jesus through the centuries. This variety is evident in the church’s theology, but also in artistic depictions and cultural depictions. This course will look at Jesus through the centuries as manifested in the Christian tradition.",,,,,CMU-UG-2026-27-COURSE-BTS-4770,40-Course-Descriptions/BTS-Biblical-and-Theological-Studies.md,official_transcription,pending
2026-27,BTS,Biblical and Theological Studies,BTS-4780,Continuity and Change in Anabaptism,3.0,This course explores the dynamic and evolving character of Anabaptist identity over a 500-year period and considers various contemporary issues and challenges facing the tradition in the midst of ever-changing intercultural and global realities.,60 credit hours of university-level studies. Category: Christian Traditions,,,,CMU-UG-2026-27-COURSE-BTS-4780,40-Course-Descriptions/BTS-Biblical-and-Theological-Studies.md,official_transcription,pending
2026-27,BTS,Biblical and Theological Studies,BTS-4790,God Through the Centuries,3.0,"This seminar course is a study of how the church has understood and thought about God. We will read seminal writings across the historical Christian tradition in our attempt to understand theology proper, the doctrine of God. We will pay particular attention to the varied approaches and methods taken in the sources we encounter.",,,,,CMU-UG-2026-27-COURSE-BTS-4790,40-Course-Descriptions/BTS-Biblical-and-Theological-Studies.md,official_transcription,pending
2026-27,BTS,Biblical and Theological Studies,BTS-4800,Faiths Seeking Justice,3.0,"Because religiously pluralistic landscapes are increasingly part of the lived realities of many, the course will analyze how different religious traditions draw from their cherished oral and textual sources to imagine justice-seeking in the world. Recognizing that justice might resonate differently for different faith traditions, the course privileges pursuits for justice as necessarily interfaith pursuits and that we will be better together when we understand each other’s religious pursuits as pursuits of justice in which our common humanity is at stake.",30 credit hours of university-level studies. BTS Category: Christian Traditions,,,,CMU-UG-2026-27-COURSE-BTS-4800,40-Course-Descriptions/BTS-Biblical-and-Theological-Studies.md,official_transcription,pending
2026-27,BTS,Biblical and Theological Studies,BTS-4810,Loss and Love,3.0,"Human persons face extraordinary losses and catastrophes of various kinds like systemic injustices, identity-based polarization, death of species, and the feeling of being alone in a seemingly interconnected world, to name just a few. Bringing Bible and theology into conversation with these challenges, the course will pursue what it means to form bonds of connection and solidarity, and how to love amidst loss, including caring for dying and dead persons.",,,,,CMU-UG-2026-27-COURSE-BTS-4810,40-Course-Descriptions/BTS-Biblical-and-Theological-Studies.md,official_transcription,pending
2026-27,BTS,Biblical and Theological Studies,BTS-4820,Positive Masculinities,3.0,"Masculinities have been diversely constructed and performed over time, often caught up in negative social phenomena that have been characterized as “toxic masculinities.” By considering Christian faith and practice as a positive intervening force, the course will articulate positive masculinities by considering, among other things, the following questions: What does it mean to be a man? How is masculinity religiously and societally constructed across various gendered and other realities? How do we collectively exercise healthy and kind identities with theological underpinnings?",,,,,CMU-UG-2026-27-COURSE-BTS-4820,40-Course-Descriptions/BTS-Biblical-and-Theological-Studies.md,official_transcription,pending
2026-27,BTS,Biblical and Theological Studies,BTS-4830,The Secular: Philosophical and Theological Investigations,3.0,"This course explores the concept of the secular by examining the following sorts of questions. How, why, and where did the concept of the secular come into being? How are the religious and secular spheres positioned relative to one another? How are some recent religious and political movements to be understood vis-à-vis the distinction between the religious and the secular? Must religion and the secular be understood in opposition to one another? What might a post-secular theology look like? What might a secular faith look like?",60 credit hours of university-level studies. BTS Category: Christian Traditions,,,,CMU-UG-2026-27-COURSE-BTS-4830,40-Course-Descriptions/BTS-Biblical-and-Theological-Studies.md,official_transcription,pending
2026-27,BTS,Biblical and Theological Studies,BTS-4895,Topics in Christian Traditions,3.0,"The content of this course will vary from year to year, depending on the needs of students and the interests and availability of instructors.",,,,,CMU-UG-2026-27-COURSE-BTS-4895,40-Course-Descriptions/BTS-Biblical-and-Theological-Studies.md,official_transcription,pending
2026-27,BIOL,Biology,BIOL-1010,The Evolutionary and Ecological Revolution,3.0,"An introduction to ecology from a historical perspective, starting with the natural philosophers of the 18 th century, through Darwin and his contemporaries, to the present day and the role of ecology in addressing environmental and resource development issues. A field trip fee will be applied.",,,,,CMU-UG-2026-27-COURSE-BIOL-1010,40-Course-Descriptions/BIOL-Biology.md,official_transcription,pending
2026-27,BIOL,Biology,BIOL-1020,The Genetic Revolution,3.0,"A journey through the historical development of our understanding of genes and their role in the development and evolution of living organisms. This course will emphasize the process of scientific discovery, from Mendel’s ‘heritable factors’ to Crick’s ‘central dogma’ of molecular Biology and our ever-growing ability to manipulate genetic information.",,,,,CMU-UG-2026-27-COURSE-BIOL-1020,40-Course-Descriptions/BIOL-Biology.md,official_transcription,pending
2026-27,BIOL,Biology,BIOL-1310,Cells and Energy,3.0,"This course will focus on the structure and work of cells as the fundamental units of life. Topics include membranes, the structure and function of organelles including the cytoskeleton, the cell cycle, enzymes, and the central metabolic pathways common to most living organisms.","Biology 40S, Chemistry 40S, and Applied Mathematics 40S or Pre-Calculus Mathematics 40S",BIOL-1310L (lab),BIOL-1010. A lab fee will be applied,,CMU-UG-2026-27-COURSE-BIOL-1310,40-Course-Descriptions/BIOL-Biology.md,official_transcription,pending
2026-27,BIOL,Biology,BIOL-1320,Diversity of Life,3.0,"A survey course of organismal biology, with a focus on phylogenetic relationships between organisms, and form and function of living organisms within the context of their biotic and physical environments.",BIOL-1010 or BIOL-1310,BIOL-1320L (lab). A lab fee will be applied,,,CMU-UG-2026-27-COURSE-BIOL-1320,40-Course-Descriptions/BIOL-Biology.md,official_transcription,pending
2026-27,BIOL,Biology,BIOL-1350,"Microbes, Health, and Illness",3.0,"An introduction to the essential principles of microbiology, with an emphasis on human health. The course covers basic biochemistry and surveys the major types of microbes (bacteria, protists, micro-fungi, and viruses). Building on that foundation, we will examine interactions between humans and pathogens, including the mechanisms of immune system function. Selected diseases will be discussed, as illustrations of general principles in host-microbe interactions.",,,,,CMU-UG-2026-27-COURSE-BIOL-1350,40-Course-Descriptions/BIOL-Biology.md,official_transcription,pending
2026-27,BIOL,Biology,BIOL-1360,Anatomy of the Human Body,3.0,"A study of microanatomy and gross anatomy, including changes occurring from conception to old age. Recommended",Biology 40S and Chemistry 40S,BIOL-1360L (lab). A lab fee will be applied,,,CMU-UG-2026-27-COURSE-BIOL-1360,40-Course-Descriptions/BIOL-Biology.md,official_transcription,pending
2026-27,BIOL,Biology,BIOL-1361,Human Anatomy and Physiology I,3.0,"The first course of a 2-semester comprehensive study of human anatomy and physiology. Interactions between form and function are examined at the cellular, tissue, organ, system, and organismal level. Topics include body plan and organization, homeostasis, cellular biology, histology, integumentary system, skeletal system and articulations, muscular system, nervous system, general and special senses, and endocrine system. Recommended",high school biology,BIOL-1361L (lab). A lab fee will be applied,,,CMU-UG-2026-27-COURSE-BIOL-1361,40-Course-Descriptions/BIOL-Biology.md,official_transcription,pending
2026-27,BIOL,Biology,BIOL-1370,Physiology of the Human Body,3.0,"A course on the functions of all anatomical systems of the human body, with homeostatic regulatory mechanisms as foundational themes.",BIOL-1360 or BIOL-1320,BIOL-1370L (lab). A lab fee will be applied,,,CMU-UG-2026-27-COURSE-BIOL-1370,40-Course-Descriptions/BIOL-Biology.md,official_transcription,pending
2026-27,BIOL,Biology,BIOL-1371,Human Anatomy and Physiology II,3.0,"The second course of a 2-semester comprehensive study of human anatomy and physiology. Interactions between form and function are examined at the cellular, tissue, organ, system, and organismal level. Topics include cardiovascular system, lymphatic system and immunity, respiratory system, digestive system, urinary system, reproductive system, inheritance, and embryology.",BIOL-1361,BIOL-1371L (lab). A lab fee will be applied,,,CMU-UG-2026-27-COURSE-BIOL-1371,40-Course-Descriptions/BIOL-Biology.md,official_transcription,pending
2026-27,BIOL,Biology,BIOL-2010,Introduction to Global Health,3.0,"A survey of global health issues, including infectious and neglected tropical diseases, malnutrition and the nutrition transition, maternal and child health, and environmental health.",30 credit hours of university-level studies. Biology Category: Interdisciplinary Biology,,,,CMU-UG-2026-27-COURSE-BIOL-2010,40-Course-Descriptions/BIOL-Biology.md,official_transcription,pending
2026-27,BIOL,Biology,BIOL-2100,Genetics of Eukaryotes and Bacteria,3.0,"Mendelian genetics: genetic interactions, linkage, and chromosome mapping. Meiosis and its implications, including chromosomal abnormalities, gene duplications and deletions. Transcription, translation, and the regulation of gene expression. Population genetics and evolution.",BIOL-1020. Recommended prerequisite(s): BIOL-1310 and BIOL-1320,,,,CMU-UG-2026-27-COURSE-BIOL-2100,40-Course-Descriptions/BIOL-Biology.md,official_transcription,pending
2026-27,BIOL,Biology,BIOL-2200,Microbiology,3.0,"An introduction to the structure, physiology and genetics of microorganisms and viruses, focusing on bacteria. Laboratory work will cover aseptic technique, methods for growing, identifying and enumerating microbes in cultures and specimens, and introduce students to central topics in bacterial genetics .",BIOL-1310 and BIOL-1320,,,,CMU-UG-2026-27-COURSE-BIOL-2200,40-Course-Descriptions/BIOL-Biology.md,official_transcription,pending
2026-27,BIOL,Biology,BIOL-2300,Cell Biology,3.0,"An introduction to cell biology with a focus on eukaryotic cells. Lectures and labs will introduce students to apply microscopy, biochemistry, and molecular genetics to study structure and function at the cellular level of organization. Subjects to be explored include the structure, genesis, and function of biological membranes; the endomembrane system and its role in the post-translational modification and transport of proteins; cellular communication and signaling; the cytoskeleton; intercellular junctions and the extracellular matrix; and the regulation of the cell cycle.",,,,,CMU-UG-2026-27-COURSE-BIOL-2300,40-Course-Descriptions/BIOL-Biology.md,official_transcription,pending
2026-27,BIOL,Biology,BIOL-2400,Vertebrate Physiology,3.0,"An exploration of the function of vertebrate organ systems. This course examines the endocrine and nervous systems, metabolism, digestion, excretion, and respiration, emphasizing feedback loops and their pivotal role in maintaining homeostasis. The course incorporates a comparative perspective between mammals and other vertebrate classes, and between terrestrial and aquatic environments, linking organ structure to physiological function. Through this course, students will gain a holistic understanding of the adaptive mechanisms underlying animal life.",,,,,CMU-UG-2026-27-COURSE-BIOL-2400,40-Course-Descriptions/BIOL-Biology.md,official_transcription,pending
2026-27,BIOL,Biology,BIOL-2410,Biology of Invertebrates,3.0,"Invertebrates comprise most of the described species on this planet and illustrate a breathtaking diversity of life histories—all of which impact other organisms (including humans) in both beneficial and detrimental ways. In this course, we will survey major groups of invertebrates, examining their evolution, ecological roles, behaviour, anatomy, and physiology.",BIOL-1320,,,,CMU-UG-2026-27-COURSE-BIOL-2410,40-Course-Descriptions/BIOL-Biology.md,official_transcription,pending
2026-27,BIOL,Biology,BIOL-2510,Principles of Ecology,3.0,"Introduction to the study of ecological systems: energy and nutrient flows in ecosystems, dynamics of plant and animal populations, structure of ecological communities and functioning of ecosystems, and ecological processes that structure biological communities in space and time.",BIOL-1010 or BIOL-1320,,,,CMU-UG-2026-27-COURSE-BIOL-2510,40-Course-Descriptions/BIOL-Biology.md,official_transcription,pending
2026-27,BIOL,Biology,BIOL-2600,Plant Biology,3.0,"This course explores how plants have developed anatomical, physiological, and biochemical traits that enable them to capture energy, acquire nutrients, organize cellular functions, and respond to environmental signals. Using diverse plant examples, it highlights how these adaptations shape plant success across ecosystems. Case studies and laboratory activities develop skills in measuring plant physiological responses and applying analytical approaches to understand how plants function, adapt, and thrive.",BIOL-1310 and BIOL-1320,,,,CMU-UG-2026-27-COURSE-BIOL-2600,40-Course-Descriptions/BIOL-Biology.md,official_transcription,pending
2026-27,BIOL,Biology,BIOL-3300,Cancer Biology,3.0,"This course covers the present understanding of the molecular and cellular mechanisms that regulate cancer progression. It will examine fundamental aspects of morphogenesis including dysregulation of the cell cycle, the role of the cytoskeleton and the extracellular matrix in cancer metastasis, tumor suppressors and cell cycle checkpoints. Students will develop research projects using time lapse movies of normal and cancerous epithelia.",,,,,CMU-UG-2026-27-COURSE-BIOL-3300,40-Course-Descriptions/BIOL-Biology.md,official_transcription,pending
2026-27,BIOL,Biology,BIOL-3400,Developmental Biology,3.0,"This course covers the present understanding of the molecular mechanisms that regulate animal development and their implications for human diseases. It will examine fundamental aspects of morphogenesis including early embryo development, tissue patterning, and growth and regeneration. To do so, vertebrate and invertebrate models are studied.",,,,,CMU-UG-2026-27-COURSE-BIOL-3400,40-Course-Descriptions/BIOL-Biology.md,official_transcription,pending
2026-27,BIOL,Biology,BIOL-3410,Molecular Biology,3.0,"This course will offer an in-depth exploration of the molecular foundations of life, focusing on the structure and function of DNA, RNA, and proteins. Topics include DNA replication, chromosome organization, gene regulation, recombination, and signal transduction pathways. Emphasis is placed on conceptual understanding, experimental design, and integration of molecular principles to solve complex biological problems. In the lab students will gain hands-on experience with essential molecular techniques such as gene cloning, DNA sequencing, and in vitro mutagenesis.",12 credit hours of Biology and 6 credit hours of Chemistry,,,,CMU-UG-2026-27-COURSE-BIOL-3410,40-Course-Descriptions/BIOL-Biology.md,official_transcription,pending
2026-27,BIOL,Biology,BIOL-3510,Conservation Biology,3.0,"The focus of this course is on applied aspects of ecology, including conservation of biodiversity, habitat, and natural resources, impacts of disruptions to ecosystems such as introduction of invasive species, habitat destruction and fragmentation, climate change, and urban ecology. Emphasis will be put on using the primary scientific literature to understand concepts .",,,,,CMU-UG-2026-27-COURSE-BIOL-3510,40-Course-Descriptions/BIOL-Biology.md,official_transcription,pending
2026-27,BIOL,Biology,BIOL-3600,Introduction to Mathematical Biology,3.0,"Introduction to mathematical biology through the lens of nonlinear difference and differential equations. Features of these systems include stability, periodicity, attractors, bifurcation, fractals, and chaos. Project-based learning and computational analysis will be emphasized throughout, focusing on biological applications including population, harvesting, predator-prey, competition, host-parasite, disease, and epidemic models.","30 credit hours of university-level studies, including BIOL-2510 and MATH-1030. Biology Category: Interdisciplinary Biology. BIOL-2510 may be taken concurrently with the course",,,,CMU-UG-2026-27-COURSE-BIOL-3600,40-Course-Descriptions/BIOL-Biology.md,official_transcription,pending
2026-27,BIOL,Biology,BIOL-3800,Biophysics,3.0,"Introduction to mathematical modeling and physics-based approaches used to represent biological systems. Biophysical topics include thermodynamics, random walks and Brownian motion, electrostatics and the structure of biomolecules, nerve impulses, the quantum mechanical nature of vision, continuum mechanics, and transport phenomena.",MATH-1030 and PHYS-1020. Biology Category: Interdisciplinary Biology,,,,CMU-UG-2026-27-COURSE-BIOL-3800,40-Course-Descriptions/BIOL-Biology.md,official_transcription,pending
2026-27,BIOL,Biology,BIOL-3950,Topics in Biology,3.0,"The content of this course will vary from year to year, depending on the needs of students and the interests and availability of instructors.",,,,,CMU-UG-2026-27-COURSE-BIOL-3950,40-Course-Descriptions/BIOL-Biology.md,official_transcription,pending
2026-27,BIOL,Biology,BIOL-4380,Molecular and Cellular Laboratory Methods,3.0,A project-based laboratory course in molecular biological and microscopy-based methods for the analysis of gene expression and organelle function.,"BIOL-1020, BIOL-1310, CHEM-2110, and one of BIOL-2100 or BIOL-2200",,,,CMU-UG-2026-27-COURSE-BIOL-4380,40-Course-Descriptions/BIOL-Biology.md,official_transcription,pending
2026-27,BIOL,Biology,BIOL-4580,Quantitative Research Methods in Ecology,3.0,"This course covers some of the most common research methods from ecology, using as examples species and habitat types common to the region of southern Manitoba. Experimental design, field data collection methods, and data analysis and presentation in ecology will be taught through major group projects.",BIOL- 2510 and MATH-1000. Recommended prerequisite(s): BIOL-3510,,,,CMU-UG-2026-27-COURSE-BIOL-4580,40-Course-Descriptions/BIOL-Biology.md,official_transcription,pending
2026-27,BIOL,Biology,BIOL-4940,Independent Study in Biology,3.0,A study in a specific area of Biology under the direction of a faculty member.,,,,,CMU-UG-2026-27-COURSE-BIOL-4940,40-Course-Descriptions/BIOL-Biology.md,official_transcription,pending
2026-27,BIOL,Biology,BIOL-4990,Senior Seminar in Evolution,3.0,"In this capstone seminar students will explore the multidisciplinary richness of biology using the theory of evolution as a unifying theme of the course. Through an individual project as well as guest speakers from within and outside the field of biology, students will explore how the theory of evolution, and biology more broadly, has shaped people’s imaginations, whether that be in the laboratory, the wider university, the church, or society at large.",,,,,CMU-UG-2026-27-COURSE-BIOL-4990,40-Course-Descriptions/BIOL-Biology.md,official_transcription,pending
2026-27,BUSI,Business and Organizational Administration,BUSI-1000,Introduction to Business and Organizational Administration,3.0,"This course introduces various aspects of business and organizational operations and structure. The course covers areas such as business and organizational classifications, financial requirements, basic concepts and techniques, practices, and responsibilities.",,,,,CMU-UG-2026-27-COURSE-BUSI-1000,40-Course-Descriptions/BUSI-Business-and-Organizational-Administration.md,official_transcription,pending
2026-27,BUSI,Business and Organizational Administration,BUSI-1010,Personal Financial Capability,3.0,"This course examines the theory and practice of financial capability with an interdisciplinary and ethical lens. What does it mean to manage one’s finances well and how does this affect society and the environment? Is a heavily indebted consumer helping or harming social justice and environmental health? Moreover, why is there a disconnect between what we know about money and what we do?",,,,,CMU-UG-2026-27-COURSE-BUSI-1010,40-Course-Descriptions/BUSI-Business-and-Organizational-Administration.md,official_transcription,pending
2026-27,BUSI,Business and Organizational Administration,BUSI-2000,Introductory Financial Accounting,3.0,Examination of accounting postulates underlying the preparation and presentation of financial statements.,,,,,CMU-UG-2026-27-COURSE-BUSI-2000,40-Course-Descriptions/BUSI-Business-and-Organizational-Administration.md,official_transcription,pending
2026-27,BUSI,Business and Organizational Administration,BUSI-2010,Introductory Managerial Accounting,3.0,Role of accounting in creation and application of business information used by decision-makers in the management of enterprise and organizations.,BUSI- 2000,,,,CMU-UG-2026-27-COURSE-BUSI-2010,40-Course-Descriptions/BUSI-Business-and-Organizational-Administration.md,official_transcription,pending
2026-27,BUSI,Business and Organizational Administration,BUSI-2020,Organizational Behaviour,3.0,"Examination of the impact of human behaviour on the formal and informal organization. Topics include leadership, work groups, organizational conflict, and communications.",BUSI-1000 or PSYC-1020,,,,CMU-UG-2026-27-COURSE-BUSI-2020,40-Course-Descriptions/BUSI-Business-and-Organizational-Administration.md,official_transcription,pending
2026-27,BUSI,Business and Organizational Administration,BUSI-2030,Management and Organizational Theory,3.0,Examination of the underlying principles concerning the formation of organizations and their internal management. Emphasis will be on the study and analysis of various theoretical approaches to organizational theory and management.,,,,,CMU-UG-2026-27-COURSE-BUSI-2030,40-Course-Descriptions/BUSI-Business-and-Organizational-Administration.md,official_transcription,pending
2026-27,BUSI,Business and Organizational Administration,BUSI-2040,Business and Labour Law,3.0,"This course introduces the legal environment under which Canadian businesses and organizations operate. As a background, the Canadian constitution, courts and legislative system will be discussed. The second part discusses the legal aspects of the most common forms of businesses and organizations in Canada: sole proprietorships, partnerships, cooperatives, and corporations. Further discussion will include tort and contract law and labour law in Canada.","BUSI-1000, IDS-1110, POLS-1000, or POLS-1010",,,,CMU-UG-2026-27-COURSE-BUSI-2040,40-Course-Descriptions/BUSI-Business-and-Organizational-Administration.md,official_transcription,pending
2026-27,BUSI,Business and Organizational Administration,BUSI-2050,Fundamentals of Marketing,3.0,"Analysis of marketing problems, emphasizing various alternatives available for achieving economic efficiency in the distribution process; public policy with respect to marketing.",,,,,CMU-UG-2026-27-COURSE-BUSI-2050,40-Course-Descriptions/BUSI-Business-and-Organizational-Administration.md,official_transcription,pending
2026-27,BUSI,Business and Organizational Administration,BUSI-2070,Business Ethics,3.0,"Business professionals must not only discover the vision of justice that underlies their business practices, but they also must submit this vision to critical scrutiny. The purpose of this course is to pursue both these aims. We will search for the moral ideals embedded in modern capitalist business practices and we will submit these moral ideals to critical evaluation. The goal is to discover the moral frameworks that can motivate and inform good business today.",,,,,CMU-UG-2026-27-COURSE-BUSI-2070,40-Course-Descriptions/BUSI-Business-and-Organizational-Administration.md,official_transcription,pending
2026-27,BUSI,Business and Organizational Administration,BUSI-2080,Business and Organizational Communications,3.0,"This course will cover oral and written communications used in business and organizational settings. Topics covered include methods of logic, organization, analysis, presentation, and mechanics of written and oral communication. The course is designed to improve students’ writing and public speaking skills.","BUSI-1000, COMM-1000, or IDS-1110",,,,CMU-UG-2026-27-COURSE-BUSI-2080,40-Course-Descriptions/BUSI-Business-and-Organizational-Administration.md,official_transcription,pending
2026-27,BUSI,Business and Organizational Administration,BUSI-2090,Indigenous-inspired and Community-focused Business Revitalization,3.0,"There are many approaches to community business development that are crafted by or aligned with Indigenous Peoples. What are the most common approaches, what are their commonalities and differences, and how do they compare with settler approaches to community business development? What role does community participation, elder engagement, and cultural meaning play in community business planning. How does the colonial context in which Indigenous community businesses develop affect this process? The course would use case studies, including cases of existing and emerging Indigenous economic zones (e.g., Naawi-Oodena).",BUSI-1000,,,,CMU-UG-2026-27-COURSE-BUSI-2090,40-Course-Descriptions/BUSI-Business-and-Organizational-Administration.md,official_transcription,pending
2026-27,BUSI,Business and Organizational Administration,BUSI-2252,Conflict and Networked Communication,3.0,"This course examines the nature of communication networks – from horse riding messengers to AI bots on social media – and their psychological impact on different levels of human conflict analysis (interpersonal, intergroup, and international). The class will review this evolving social psychological and cultural interplay drawing on interdisciplinary readings as well as analyzing historical and contemporary case studies.",PSYC-1010 and PSYC-1020,,,,CMU-UG-2026-27-COURSE-BUSI-2252,40-Course-Descriptions/BUSI-Business-and-Organizational-Administration.md,official_transcription,pending
2026-27,BUSI,Business and Organizational Administration,BUSI-2431,Negotiation Theory and Practice,3.0,"This course examines the theory and practice of negotiation, including topics such as negotiating skills, contextual factors, agreement implementation and follow-up, multilateral negotiation, and third-party intervention.",BUSI-1000,,,,CMU-UG-2026-27-COURSE-BUSI-2431,40-Course-Descriptions/BUSI-Business-and-Organizational-Administration.md,official_transcription,pending
2026-27,BUSI,Business and Organizational Administration,BUSI-2500,Social Entrepreneurship,3.0,"In this course we refer to a range of business classifications that blend social, ecological, and financial value between the public and private sectors. The course identifies unique opportunities for the sector, explores organizational and management issues specific to social enterprises, reviews the history of social enterprise structures, and critically reviews their impacts. We will also consider the value of the entrepreneurial approach, including attitudes towards risk tolerance, experimentation, and problem-solving.",30 credit hours of university-level studies,,,,CMU-UG-2026-27-COURSE-BUSI-2500,40-Course-Descriptions/BUSI-Business-and-Organizational-Administration.md,official_transcription,pending
2026-27,BUSI,Business and Organizational Administration,BUSI-2950,Topics in Business and Organizational Administration,3.0,"The content of this course will vary from year to year, depending on the needs of students and the interests and availability of instructors.",,,,,CMU-UG-2026-27-COURSE-BUSI-2950,40-Course-Descriptions/BUSI-Business-and-Organizational-Administration.md,official_transcription,pending
2026-27,BUSI,Business and Organizational Administration,BUSI-3000,Organizational Leadership,3.0,"Examination of the theory and practice of leadership and decision-making in organizations. Topics include trait, behavioural and situational models of organizational leadership, leadership as power and influence, and processes involved in the decision making of individuals and groups, large and small, formal and informal. Attention will also be given to development of skills in leadership.",30 credit hours of university-level courses,,,,CMU-UG-2026-27-COURSE-BUSI-3000,40-Course-Descriptions/BUSI-Business-and-Organizational-Administration.md,official_transcription,pending
2026-27,BUSI,Business and Organizational Administration,BUSI-3010,Intermediate Accounting: Assets,3.0,This course concentrates on policies and practice related to the measurement and recording of an organization’s assets and the asset side of an organization’s balance sheet.,,,,,CMU-UG-2026-27-COURSE-BUSI-3010,40-Course-Descriptions/BUSI-Business-and-Organizational-Administration.md,official_transcription,pending
2026-27,BUSI,Business and Organizational Administration,BUSI-3020,Intermediate Accounting: Liabilities and Equities,3.0,"This course concentrates on policies and practice related to the measurement and recording of a shareholder’s or organization's equity, liabilities, and the equity side of an organization's balance sheet.",,,,,CMU-UG-2026-27-COURSE-BUSI-3020,40-Course-Descriptions/BUSI-Business-and-Organizational-Administration.md,official_transcription,pending
2026-27,BUSI,Business and Organizational Administration,BUSI-3040,Quantitative Methods in Business and Organizational Administration,3.0,"This course covers multiple regression analysis, forecasting, time series and linear programming as they are applied to organizational decision making. The course also discusses the application of these topics to management science techniques and models.",MATH-1000,,,,CMU-UG-2026-27-COURSE-BUSI-3040,40-Course-Descriptions/BUSI-Business-and-Organizational-Administration.md,official_transcription,pending
2026-27,BUSI,Business and Organizational Administration,BUSI-3050,Management Information Systems,3.0,This course focuses on managing information as a valuable business and organizational resource. It examines the role and applications of information technology in managing operations as well as the effects of information technology on organization structure and workers.,MATH-1000,,,,CMU-UG-2026-27-COURSE-BUSI-3050,40-Course-Descriptions/BUSI-Business-and-Organizational-Administration.md,official_transcription,pending
2026-27,BUSI,Business and Organizational Administration,BUSI-3060,Operations Management,3.0,"The decision-making role of the operations manager in transforming inputs into desired outputs is the primary focus of this course. The major activities of designing, scheduling, operating, and controlling the production system will be examined.",,,,,CMU-UG-2026-27-COURSE-BUSI-3060,40-Course-Descriptions/BUSI-Business-and-Organizational-Administration.md,official_transcription,pending
2026-27,BUSI,Business and Organizational Administration,BUSI-3070,Taxation,3.0,"This course deals with the applications of federal and provincial income tax regulations and their impact on corporations, businesses, and individuals. Problems, issues, and planning associated with the Income Tax Act are examined. The computation of taxable income and taxes payable by individuals, corporations, partnerships, and trusts are also studied.",,,,,CMU-UG-2026-27-COURSE-BUSI-3070,40-Course-Descriptions/BUSI-Business-and-Organizational-Administration.md,official_transcription,pending
2026-27,BUSI,Business and Organizational Administration,BUSI-3080,Intermediate Managerial Accounting,3.0,"This case-based course concentrates on organizational planning, financial control, and cost specifications needed to determine income and cost requirements for policy and non-routine decision-making.",,,,,CMU-UG-2026-27-COURSE-BUSI-3080,40-Course-Descriptions/BUSI-Business-and-Organizational-Administration.md,official_transcription,pending
2026-27,BUSI,Business and Organizational Administration,BUSI-3090,Business Data Analytics Technology,3.0,"This course introduces students to the concepts, tools, and applications of data analytics in business decision-making, with emphasis on accounting and human resources contexts. Students learn to collect, process, and analyze business data to support evidence-based decisions in areas such as performance management, budgeting, financial analysis, workforce planning, and talent management.",,,,,CMU-UG-2026-27-COURSE-BUSI-3090,40-Course-Descriptions/BUSI-Business-and-Organizational-Administration.md,official_transcription,pending
2026-27,BUSI,Business and Organizational Administration,BUSI-3100,Financial Management,3.0,"This course focuses on the role of the financial manager of a business or an organization. Topics to be covered include financial analysis and forecasting, and the management of cash, accounts receivable, inventories, and liabilities needed to manage the organization’s operations. Prerequisite (s): BUSI-2000, BUSI-2010, and MATH-1000. CPA-approved preparatory course.",,,,,CMU-UG-2026-27-COURSE-BUSI-3100,40-Course-Descriptions/BUSI-Business-and-Organizational-Administration.md,official_transcription,pending
2026-27,BUSI,Business and Organizational Administration,BUSI-3200,Human Resource Management,3.0,"This course introduces core principles, theories, and practices of human resource management, for businesses that seek to balance economic and social outcomes. The course examines the relationship between human wellness and productivity; talent management; diversity, equity and inclusion; performance management; motivation and total rewards; health and wellness; union-management relations, and leadership management.",,,,,CMU-UG-2026-27-COURSE-BUSI-3200,40-Course-Descriptions/BUSI-Business-and-Organizational-Administration.md,official_transcription,pending
2026-27,BUSI,Business and Organizational Administration,BUSI-3240,Workplace Conflict Resolution,3.0,"This course will examine contemporary workplace issues, causes of workplace conflict and a variety of responses such as negotiation, conciliation, mediation, grievance procedures, and arbitration as well as tribunals such as labour relations boards and human rights commissions. Issues to be examined may include violence, bullying, harassment, organizational culture, constructive dismissal, and other workplace concerns.","30 credit hours of university-level studies, including BUSI-2020, PCTS-1110, or PSYC-2020",,,,CMU-UG-2026-27-COURSE-BUSI-3240,40-Course-Descriptions/BUSI-Business-and-Organizational-Administration.md,official_transcription,pending
2026-27,BUSI,Business and Organizational Administration,BUSI-3300,Not-for-Profit Management,3.0,"This course explores the unique challenges inherent in managing not-for-profit organizations. Topics will include mission, governance, marketing, volunteerism, fundraising, stakeholder services, impact of technology, and the internationalization issues faced by not-for-profit organizations. Prerequisite (s): BUSI-2020, IDS-1110, PSYC-2020, or both BUSI-2030 and BUSI-1000.",,,,,CMU-UG-2026-27-COURSE-BUSI-3300,40-Course-Descriptions/BUSI-Business-and-Organizational-Administration.md,official_transcription,pending
2026-27,BUSI,Business and Organizational Administration,BUSI-3400,Entrepreneurship and Small Business Management,3.0,"This course considers the nature of entrepreneurship and the distinctive challenges of starting and managing a small business. Topics to be considered include financial planning, marketing, operations, management, and human resources. Prerequisite (s): BUSI-1000 and BUSI-2050.",,,,,CMU-UG-2026-27-COURSE-BUSI-3400,40-Course-Descriptions/BUSI-Business-and-Organizational-Administration.md,official_transcription,pending
2026-27,BUSI,Business and Organizational Administration,BUSI-3500,International Business and the Common Good,3.0,"This course examines how global economic, political, and cultural factors affect the strategies of companies involved in international business and trade. Topics include: globalization and international business strategy, free trade and regional economic integration, currencies and foreign exchange rates, exporting and foreign direct investment, international management and organizational structure, political and cultural differences in national markets. Prerequisite (s): BUSI-1000 or ECON-1010.",,,,,CMU-UG-2026-27-COURSE-BUSI-3500,40-Course-Descriptions/BUSI-Business-and-Organizational-Administration.md,official_transcription,pending
2026-27,BUSI,Business and Organizational Administration,BUSI-3600,Behavioural Economics,3.0,"How do emotions, biases, and social influences shape the way we innovate, invest, and govern? Why do humans so often make irrational, even counterproductive, decisions? This course explores the intersection of psychology and economics, examining deviations from traditional economic assumptions of rational decision-making. Through a mix of theory, experiments, and real-world applications, you’ll discover how cognitive biases, mental shortcuts, and behavioural patterns drive decisions in everyday life. We will critically analyze models of markets and human behaviour, compare them with classical theories of economics and governance, and apply insights to issues such as consumer behavior, public policy, sustainability, and market dynamics.","30 credit hours of university-level studies, including BUSI-1000 or ECON-1010",,,,CMU-UG-2026-27-COURSE-BUSI-3600,40-Course-Descriptions/BUSI-Business-and-Organizational-Administration.md,official_transcription,pending
2026-27,BUSI,Business and Organizational Administration,BUSI-3610,"A History of Money: Money, Power, and the Material Basis of Finance",3.0,"This course traces the history of money from Mesopotamian clay tablets to cryptocurrency, examining how monetary systems have always been entangled with material resources, political power, and moral reasoning. Drawing on economic anthropology, political economy, and biophysical economics, the course challenges standard assumptions about money as a neutral medium of exchange and equips students to understand contemporary monetary debates in deep historical context.",24 credit hours of university-level studies,,,,CMU-UG-2026-27-COURSE-BUSI-3610,40-Course-Descriptions/BUSI-Business-and-Organizational-Administration.md,official_transcription,pending
2026-27,BUSI,Business and Organizational Administration,BUSI-3700,Business and Sustainable Development Goals,3.0,"This course will critically assess the usefulness of the UN's sustainable development goals (and others) as goals to achieve human and environmental health. This course investigates how well businesses are doing with respect to fostering human development and sustaining the environment. Drawing on case studies, the course will examine a set Canadian and international businesses' achievements in sustaining human and environmental health and we will assess the evidence of business contributions to human development and a sustaining environment.",BUSI-1000,,,,CMU-UG-2026-27-COURSE-BUSI-3700,40-Course-Descriptions/BUSI-Business-and-Organizational-Administration.md,official_transcription,pending
2026-27,BUSI,Business and Organizational Administration,BUSI-3800,The Innovation Lab,3.0,"This is a course in which a transdisciplinary cohort of students will design, propose, and implement solutions to particular problems posed by a business or community organization. Students will work in small teams, select the topic, draft a course of action, and work with faculty member(s) to define appropriate methods and outcomes. The course is applied and competency-based, embracing a “problem-based learning” approach where students will share knowledge, peer support, and feedback on an ongoing basis.",,,,,CMU-UG-2026-27-COURSE-BUSI-3800,40-Course-Descriptions/BUSI-Business-and-Organizational-Administration.md,official_transcription,pending
2026-27,BUSI,Business and Organizational Administration,BUSI-3950,Topics in Business and Organizational Administration,3.0,"The content of this course will vary from year to year, depending on the needs of students and the interests and availability of instructors.",,,,,CMU-UG-2026-27-COURSE-BUSI-3950,40-Course-Descriptions/BUSI-Business-and-Organizational-Administration.md,official_transcription,pending
2026-27,BUSI,Business and Organizational Administration,BUSI-4000,Christianity and the Marketplace,3.0,"Christian businesspeople often face challenges in harmonizing their faith commitments and business practices. This course brings together theology, ethics, and law to study Christian decision-making in a business environment. Through case studies of common business dilemmas, students will begin to develop the wisdom to address these dilemmas in ways that account for both faith and business considerations.",,,,,CMU-UG-2026-27-COURSE-BUSI-4000,40-Course-Descriptions/BUSI-Business-and-Organizational-Administration.md,official_transcription,pending
2026-27,BUSI,Business and Organizational Administration,BUSI-4001,Thesis in Business and Organizational Administration,6.0,"This course is restricted to students completing the Bachelor of Arts, four-year major in Business and Organizational Administration. Eligible students should refer to the Thesis Writing Procedures in the Academic Policies section of this calendar.",,,,,CMU-UG-2026-27-COURSE-BUSI-4001,40-Course-Descriptions/BUSI-Business-and-Organizational-Administration.md,official_transcription,pending
2026-27,BUSI,Business and Organizational Administration,BUSI-4010,Strategic Management,3.0,"This case-based course takes the perspective of the general manager with responsibility for the overall organization, rather than that of a functional specialist. Topics include the nature of strategy and its function for an organization; the characteristics of effective strategy; and how strategy forms and evolves in relation to an organization's environment, competition, capabilities and the values and ambitions of its leadership.",,,,,CMU-UG-2026-27-COURSE-BUSI-4010,40-Course-Descriptions/BUSI-Business-and-Organizational-Administration.md,official_transcription,pending
2026-27,BUSI,Business and Organizational Administration,BUSI-4020,Business and Organizational Policy,3.0,This course synthesizes the principles of management with emphasis on the formation of decisions and policies. Its purpose is to enable the student to draw on analytical tools and information to understand comprehensive business problems.,,,,,CMU-UG-2026-27-COURSE-BUSI-4020,40-Course-Descriptions/BUSI-Business-and-Organizational-Administration.md,official_transcription,pending
2026-27,BUSI,Business and Organizational Administration,BUSI-4030,SMEs and Microfinance,3.0,"This course investigates the emerging field of microfinance—the provision of small loans and financial services to the poor—and its impact on addressing poverty in developing countries. Students will develop an understanding of a range of topics in the field, including the role of credit in microenterprises, lending models, sustainability, and best practice for microfinance institutions (MFIs), microsavings and insurance programs, cultural and social factors. The course offers a unique mix of theory and practice as students will have the opportunity to work on projects relating to current issues with microfinance programs in various regions of the world.",60 credit hours of university-level studies,,,,CMU-UG-2026-27-COURSE-BUSI-4030,40-Course-Descriptions/BUSI-Business-and-Organizational-Administration.md,official_transcription,pending
2026-27,BUSI,Business and Organizational Administration,BUSI-4070,Advanced Financial Accounting,3.0,"This course familiarizes students with current advanced accounting concepts and theories. The major focus will be the fundamentals and advanced topics related to corporate consolidations. In addition, the course examines the complex accounting and upcoming issues involved in both foreign subsidiaries and foreign currency translation.",,,,,CMU-UG-2026-27-COURSE-BUSI-4070,40-Course-Descriptions/BUSI-Business-and-Organizational-Administration.md,official_transcription,pending
2026-27,BUSI,Business and Organizational Administration,BUSI-4090,Audit and Control,3.0,"This course familiarizes students with basic concepts and theories, the auditor decision making process, the legal environment of auditing in Canada, the nature and sources of audit evidence and the internal control process.",,,,,CMU-UG-2026-27-COURSE-BUSI-4090,40-Course-Descriptions/BUSI-Business-and-Organizational-Administration.md,official_transcription,pending
2026-27,BUSI,Business and Organizational Administration,BUSI-4200,Advanced Human Resource Management,3.0,"This course examines strategic human resource management through the integration of theory and practice with reference to businesses with an ESG (environment, social, and governance)-focus. The course will involve an advanced study of theories and practical issues related to organizational change and leadership, the health/wellness-productivity relationship, and total rewards theories and methods.",,,,,CMU-UG-2026-27-COURSE-BUSI-4200,40-Course-Descriptions/BUSI-Business-and-Organizational-Administration.md,official_transcription,pending
2026-27,BUSI,Business and Organizational Administration,BUSI-4240,Workplace Conflict Resolution Systems Design,3.0,"The course is designed to develop an understanding of the nature and causes of conflict in the workplace and the implementation of conflict resolution systems within the organization. Areas of study include systems design related to the organizational culture, context, and structure. It examines past and current conflict resolution systems, structures that are necessary to support conflict management systems, and emerging trends in workplace dispute systems design. The course then studies organizational advantages and disadvantages of investing in dispute systems design.",BUSI-3240 or PCTS-3240,,,,CMU-UG-2026-27-COURSE-BUSI-4240,40-Course-Descriptions/BUSI-Business-and-Organizational-Administration.md,official_transcription,pending
2026-27,BUSI,Business and Organizational Administration,BUSI-4940,Independent Study in Business and Organizational Administration,3.0,A study in a specific area of Business and Organizational Administration under the direction of a faculty member.,,,,,CMU-UG-2026-27-COURSE-BUSI-4940,40-Course-Descriptions/BUSI-Business-and-Organizational-Administration.md,official_transcription,pending
2026-27,BUSI,Business and Organizational Administration,BUSI-4950,Topics in Business and Organizational Administration,3.0,"The content of this course will vary from year to year, depending on the needs of students and the interests and availability of instructors.",,,,,CMU-UG-2026-27-COURSE-BUSI-4950,40-Course-Descriptions/BUSI-Business-and-Organizational-Administration.md,official_transcription,pending
2026-27,CHEM,Chemistry,CHEM-1010,Structure and Modelling in Chemistry,3.0,"An introduction to atomic and molecular structures, chemical bonding, chemical reactivity, to the bulk properties of matter, and the descriptive chemistry of the elements.","Applied Mathematics 40S or Pre-Calculus Mathematics 40S, and Chemistry 40S (or equivalents)",,,,CMU-UG-2026-27-COURSE-CHEM-1010,40-Course-Descriptions/CHEM-Chemistry.md,official_transcription,pending
2026-27,CHEM,Chemistry,CHEM-1020,Physical Chemistry,3.0,"An introduction to topics including thermochemistry, chemical thermodynamics, and chemical kinetics.",CHEM-1010,,,,CMU-UG-2026-27-COURSE-CHEM-1020,40-Course-Descriptions/CHEM-Chemistry.md,official_transcription,pending
2026-27,CHEM,Chemistry,CHEM-2010,Organic Chemistry I,3.0,"An introduction to the structural and chemical properties of organic molecules, with an emphasis on alkane and alkene derivatives. Topics include stereochemistry, basic conformational analysis, as well as reaction mechanisms, with particular emphasis on radical chain reactions, nucleophilic substitution, elimination, and electrophilic addition to double bonds. The laboratory component introduces various separation and structural determination methods.",CHEM-1020,,,,CMU-UG-2026-27-COURSE-CHEM-2010,40-Course-Descriptions/CHEM-Chemistry.md,official_transcription,pending
2026-27,CHEM,Chemistry,CHEM-2020,Organic Chemistry II,3.0,"This course is a continuation of the study of the structure and reactivity of organic compounds, including aromatic compounds, alkenes and alkynes, carbonyl compounds, amines, and their derivatives. Various spectroscopic techniques used for the structural determination of simple organic molecules will be discussed, including Infrared (IR), Nuclear Magnetic Resonance (NMR), and Mass Spectrometry (MS).",CHEM-2010,,,,CMU-UG-2026-27-COURSE-CHEM-2020,40-Course-Descriptions/CHEM-Chemistry.md,official_transcription,pending
2026-27,CHEM,Chemistry,CHEM-2110,Biochemistry I: Biomolecules and Metabolic Energy,3.0,"This course is an introduction to the structure and function of biomolecules, including proteins, carbohydrates, nucleic acids, and lipids. This course also explores the mechanisms and kinetics of enzyme-catalyzed reactions and bioenergetics.",BIOL-1310 and CHEM-1020,,,,CMU-UG-2026-27-COURSE-CHEM-2110,40-Course-Descriptions/CHEM-Chemistry.md,official_transcription,pending
2026-27,CHEM,Chemistry,CHEM-3110,"Biochemistry II: Catabolism, Synthesis, and Metabolic Pathways",3.0,"An introduction to the basic metabolic pathways in living cells, including the production and use of metabolic energy; the degradation and synthesis of biomolecules; the synthesis of DNA, RNA, and proteins; and the regulation and integration of these processes.",CHEM-2010 and CHEM-2110,,,,CMU-UG-2026-27-COURSE-CHEM-3110,40-Course-Descriptions/CHEM-Chemistry.md,official_transcription,pending
2026-27,COMM,Communications and Media,COMM-1000,Introduction to Communications and Media,3.0,"This course introduces students to mass communications and media with a focus on Canada. The course will investigate topics such as how media shapes our understanding of ourselves and our society, the ethics of public communication, and the industry structures that govern how we tell stories. The course includes a creative production component. A s tudio fee will be applied.",,,,,CMU-UG-2026-27-COURSE-COMM-1000,40-Course-Descriptions/COMM-Communications-and-Media.md,official_transcription,pending
2026-27,COMM,Communications and Media,COMM-1015,Media Skills: Introduction to Digital Production,3.0,"This media skills course introduces students to the core concepts and tools involved in digital media production. Students will be introduced to field equipment, hardware and software production tools in audio, music production, photography, video, livestreaming, and graphic design. Digital asset management and workflows will also be investigated. Students will work with field equipment, use studio spaces, and explore their creativity. The course is an excellent survey of the vocabulary and processes of digital media production. A studio fee will be applied.",,,,,CMU-UG-2026-27-COURSE-COMM-1015,40-Course-Descriptions/COMM-Communications-and-Media.md,official_transcription,pending
2026-27,COMM,Communications and Media,COMM-2000,New Media,3.0,"This course investigates the user-experience, theory, and current trends in the field of New Media. The course’s core interests are in identifying and understanding the principles of New Media design and experience, and in applying these principles to the analysis of New Media artefacts and environments. The course will enhance the capacity of students to understand, design, and assess current and future developments in emergent digital media.",,,,,CMU-UG-2026-27-COURSE-COMM-2000,40-Course-Descriptions/COMM-Communications-and-Media.md,official_transcription,pending
2026-27,COMM,Communications and Media,COMM-2010,Digital Video Storytelling,3.0,"This is an introductory course in film-style production in the medium of digital video. Instruction will include all the elements of production, including scriptwriting, storyboarding, videography, sound, lighting, and editing. A core interest of the course is to understand the technical and aesthetic language of images in motion. Students work in creative, collaborative teams to produce several short video pieces. Prerequisite(s) : COMM-1000 and COMM-1015. A studio fee will be applied. COMM-2015, 3015, 4015 Media Skills (3.0 credit hours) These workshops offer technical training in various aspects of applied media production. They are often linked to the production of specific internal or external projects. A student may enrol multiple times in workshops designed as production team experiences, provided the student takes on a unique role in the team each time. Some workshops require that students be available for particular events.",,,,,CMU-UG-2026-27-COURSE-COMM-2010,40-Course-Descriptions/COMM-Communications-and-Media.md,official_transcription,pending
2026-27,COMM,Communications and Media,COMM-2020,Oral Communication,3.0,"This course covers the theory and practice of formal and informal speeches, presentations, interviews, meetings, and other forms of oral communication. The course is designed to enhance public speaking ability and seeks to develop skills in the use of microphones, visual aids, and body language for engaging small and large audiences.",,,,,CMU-UG-2026-27-COURSE-COMM-2020,40-Course-Descriptions/COMM-Communications-and-Media.md,official_transcription,pending
2026-27,COMM,Communications and Media,COMM-2040,Audio Engineering and Production Techniques,3.0,"An introduction to the techniques and technologies of audio recording production. The primary focus is recording in a studio environment. Remote location recording, live sound, multi-media production and broadcasting also are covered. A practical component includes recording music ensembles, voiceovers, and assisting in an audio production.",,,,,CMU-UG-2026-27-COURSE-COMM-2040,40-Course-Descriptions/COMM-Communications-and-Media.md,official_transcription,pending
2026-27,COMM,Communications and Media,COMM-2050,Graphic Design,3.0,"A study of the creative use of the elements and principles of design as applied to the problems of graphic communication, and of the use of symbols, pictographs, writing and letter forms. Prerequisite(s) : COMM-1000 and COMM-1015 . A studio fee will be applied.",,,,,CMU-UG-2026-27-COURSE-COMM-2050,40-Course-Descriptions/COMM-Communications-and-Media.md,official_transcription,pending
2026-27,COMM,Communications and Media,COMM-2060,Journalism: Principles and Practice,3.0,"This course studies the principles and practices of journalism that can be applied to all media. Students examine the nature and role of the media, evaluate the news processes, consider the role of reporters, and learn basic journalism practices, including how to conduct an interview, how to write various kinds of articles, and how to do research for journalism.",,,,,CMU-UG-2026-27-COURSE-COMM-2060,40-Course-Descriptions/COMM-Communications-and-Media.md,official_transcription,pending
2026-27,COMM,Communications and Media,COMM-2080,Business and Organizational Communications,3.0,"This course will cover oral and written communications used in business and organizational settings. Topics covered include methods of logic, organization, analysis, presentation, and mechanics of written and oral communication. The course is designed to improve students’ writing and public speaking skills.","BUSI-1000, COMM-1000 or IDS-1110",,,"the cross-listed course BUSI-2080. COMM-2115, 3115, 4115 Media Skills (1.0 credit hour) These workshops offer technical training in various aspects of applied media production. They are often linked to the production of specific internal or external projects. A student may enrol multiple times in workshops designed as production team experiences, provided the student takes on a unique role in the team each time. Some workshops require that students be available for particular events",CMU-UG-2026-27-COURSE-COMM-2080,40-Course-Descriptions/COMM-Communications-and-Media.md,official_transcription,pending
2026-27,COMM,Communications and Media,COMM-2117,Media Skills: Live Audio and Video Streaming,3.0,"This course is a media production workshop that equips students with the skills in two aspects of live event production: sound systems and videostreaming. Students will learn to set up and operate sound and multi-camera videostreaming equipment. At the end of the course, students should be able to plan and implement basic sound and livestreaming events and know how to operate various systems at CMU. This is a production team experience that requires availability for athletics and other public events on campus",COMM-1015. A studio fee will be applied,,,,CMU-UG-2026-27-COURSE-COMM-2117,40-Course-Descriptions/COMM-Communications-and-Media.md,official_transcription,pending
2026-27,COMM,Communications and Media,COMM-2118,Media Skills: Radio Team,3.0,"This course is an applied media experience focused on broadcast radio production. The course will include training modules on particular aspects of radio production including interviewing skills, story development, studio voice tracking, audio editing and mixing. Students will work collaboratively on radio episodes that are heard on stations in Manitoba and distributed online.",,,,,CMU-UG-2026-27-COURSE-COMM-2118,40-Course-Descriptions/COMM-Communications-and-Media.md,official_transcription,pending
2026-27,COMM,Communications and Media,COMM-2900,Music and Film,3.0,"This course offers an introduction to music and film for movie fans as well as those interested in visual media and music production. Within multimedia texts, sounds and visuals co-produce meaning, with music shaping how we see and images influencing how we listen. This course aims to illuminate these meaning-making processes, situating them in dynamic social and cultural contexts. Over the semester this course will explore historic and contemporary films from around the globe, along with different forms of media technologies such as the microphone, radio, and DVD.",,,,,CMU-UG-2026-27-COURSE-COMM-2900,40-Course-Descriptions/COMM-Communications-and-Media.md,official_transcription,pending
2026-27,COMM,Communications and Media,COMM-2950,Topics in Communications and Media,3.0,"The content of this course will vary from year to year, depending on the needs of students and the interests and availability of instructors.",,,,,CMU-UG-2026-27-COURSE-COMM-2950,40-Course-Descriptions/COMM-Communications-and-Media.md,official_transcription,pending
2026-27,COMM,Communications and Media,COMM-3000,"Politics, Society, and Mass Media",3.0,"This course examines the relationship between the mass communications media and the political and social processes in which they operate, investigating the state of research on mass media, the role of media in creating and shaping political awareness, and in influencing human behaviour and values. Examples of topics which may be covered are: media ownership and organization patterns, media in the electoral process, the media in developing nations, the media and globalization, propaganda, media freedom and public opinion.","30 credit hours of university-level studies, including 6 credit hours in social science",,,,CMU-UG-2026-27-COURSE-COMM-3000,40-Course-Descriptions/COMM-Communications-and-Media.md,official_transcription,pending
2026-27,COMM,Communications and Media,COMM-3010,Theories of Communication in Everyday Life,3.0,"This course analyzes the character and significance of theory in communication and media studies. Students assess perspectives from classical rhetoric to contemporary communication theory while applying them to everyday communication. The course examines interpersonal interaction, group and organizational processes, media and broadcast communication, and intercultural contexts. What happens when we self disclose? How do we process persuasion? What kinds of talk support strong group decisions? How does cultural worldview shape language use? How strong are my social media networks? Through probes like these, students learn how theory clarifies, deepens, and evaluates the communication practices that shape daily life. Prerequisite(s) : 30 credit hours of university-level studies.",,,,,CMU-UG-2026-27-COURSE-COMM-3010,40-Course-Descriptions/COMM-Communications-and-Media.md,official_transcription,pending
2026-27,COMM,Communications and Media,COMM-3011,Music Production,3.0,"This course is an entry point for developing a skill set to serve the creative process of composition. These skills include planning and pre-production, composing, recording, editing, and mixing original musical compositions. Topics covered include: recording and editing audio; acoustics; using effects (reverb, EQ, compression etc.); scoring for film, live theatre and video games; mixing and finalizing music tracks; the business of music production.",30 credit hours of university-level studies,,,,CMU-UG-2026-27-COURSE-COMM-3011,40-Course-Descriptions/COMM-Communications-and-Media.md,official_transcription,pending
2026-27,COMM,Communications and Media,COMM-3015,Media Workshop,3.0,"This workshop is an applied media production experience focused primarily on media storytelling. Production teams will be mentored and supervised by CMU faculty and staff. The workshop will include focused training modules for particular aspects of media production. It will assist students in quality portfolio development. Students will work cooperatively on projects, which will normally be determined in consultation with the Communications and Marketing Department at CMU. The course may occasionally be offered as an intensive skills-building weekend workshop. The workshop may include a media production tour.",,,,,CMU-UG-2026-27-COURSE-COMM-3015,40-Course-Descriptions/COMM-Communications-and-Media.md,official_transcription,pending
2026-27,COMM,Communications and Media,COMM-3020,Group Communication and Creative Process,3.0,"This course surveys the theory and practice of communication within small groups in various contexts, exploring topics such as: roles; leadership and participation; brainstorming and idea assessment; group formation and team building; conflict; and problem solving and decision-making. Students will develop understanding and skills applicable in secondary groups such as work and activity groups, committees, boards, and media production teams,",,,,,CMU-UG-2026-27-COURSE-COMM-3020,40-Course-Descriptions/COMM-Communications-and-Media.md,official_transcription,pending
2026-27,COMM,Communications and Media,COMM-3030,Public Relations,3.0,"This course examines the principles and practices of communication between corporate, public, and not-for-profit organizations and their various constituencies. It includes the study of public opinion research, communication campaigns, media relations, consumer identity, and representational ethics. Students learn basic skills, including: assessing needs; designing, planning and evaluating communication strategies; writing news releases and planning news conferences.",,,,,CMU-UG-2026-27-COURSE-COMM-3030,40-Course-Descriptions/COMM-Communications-and-Media.md,official_transcription,pending
2026-27,COMM,Communications and Media,COMM-3050,Advanced Graphic Design,3.0,"This course is a further study of the principles of design, notably as they work together in visual communication strategy. Student projects and exploration will include corporate identities, editorial and publication design, web page layout, and grid systems. Other topics include history and theory of visual culture, use of photography and illustration, and a continuation of the study of typography.",,,,,CMU-UG-2026-27-COURSE-COMM-3050,40-Course-Descriptions/COMM-Communications-and-Media.md,official_transcription,pending
2026-27,COMM,Communications and Media,COMM-3060,Advanced Journalism: Video and Multimedia,3.0,"This course extends introductory journalistic reporting and writing skills and responds to the evolving media landscape. Journalists are increasingly required to have proficiency in developing multimedia stories across platforms such as video, audio, information graphics, and photo slideshows. The course will focus on story research, planning, and delivery, with an emphasis on video storytelling. Principles of media law and ethics critical to the journalistic craft will also be elaborated. Students work towards distribution in local and regional news outlets.",,,,,CMU-UG-2026-27-COURSE-COMM-3060,40-Course-Descriptions/COMM-Communications-and-Media.md,official_transcription,pending
2026-27,COMM,Communications and Media,COMM-3100,Audio Documentary and Podcasting,3.0,"This course will engage the principles and production of documentary-style audio stories with a particular focus on the podcasting genre. Students will investigate some of the leading thinkers and producers in podcasting and will be encouraged to develop their own personal voice and style through the production of broadcast-worthy audio features. Students will learn what makes for good radio story subjects and sources, and how to pitch an idea to an outlet. There will also be an introduction to using music and sound design.",,,,,CMU-UG-2026-27-COURSE-COMM-3100,40-Course-Descriptions/COMM-Communications-and-Media.md,official_transcription,pending
2026-27,COMM,Communications and Media,COMM-3500,Journalism and Peacebuilding,3.0,"There is evidence daily of the power of media to fuel or mitigate conflict in our world. This course investigates what is possible when journalism practice is informed by nonviolent responses to conflict. The course draws from a growing scholarly and practitioner-based dialogue that is known as peace journalism. A series of case studies will investigate theoretical models and strategies of peace journalism practice. The aim of the course is to elaborate and exemplify peace journalism, conflict-sensitive reporting, participatory journalism and related issues.","30 credit hours of university-level studies, including one of COMM-1000, COMM-2060, or PCTS-1110",,,,CMU-UG-2026-27-COURSE-COMM-3500,40-Course-Descriptions/COMM-Communications-and-Media.md,official_transcription,pending
2026-27,COMM,Communications and Media,COMM-3800,Christianity and the Mass Media,3.0,"This course will investigate the relationship between Christian faith and the mass media through a series of case studies. It will explore two key questions. First, how do the faith convictions of the producer, host, or interviewer shape creative mass media (e.g., TV, radio) production? And second, how has mainstream media reported and portrayed Christian faith? The course will focus largely on current practices.",,,,,CMU-UG-2026-27-COURSE-COMM-3800,40-Course-Descriptions/COMM-Communications-and-Media.md,official_transcription,pending
2026-27,COMM,Communications and Media,COMM-3950,Topics in Communications and Media,3.0,"The content of this course will vary from year to year, depending on the needs of students and the interests and availability of instructors.",,,,,CMU-UG-2026-27-COURSE-COMM-3950,40-Course-Descriptions/COMM-Communications-and-Media.md,official_transcription,pending
2026-27,COMM,Communications and Media,COMM-4000,Thesis in Communications and Media,6.0,"This course is restricted to students completing the Bachelor of Arts, four-year major in Communications and Media. Eligible students should refer to the Thesis Writing Procedures in the Academic Policies section of this calendar.",,,,,CMU-UG-2026-27-COURSE-COMM-4000,40-Course-Descriptions/COMM-Communications-and-Media.md,official_transcription,pending
2026-27,COMM,Communications and Media,COMM-4940,Independent Study in Communications and Media,3.0,A study in a specific area of Communications and Media under the direction of a faculty member.,,,,,CMU-UG-2026-27-COURSE-COMM-4940,40-Course-Descriptions/COMM-Communications-and-Media.md,official_transcription,pending
2026-27,COMP,Computer Science,COMP-1010,Computer Applications and Concepts,3.0,"Introduces students to information technology, computers, and networks—their history, principles of operation, and a set of basic software applications. The focus is less on specific skills than on foundational concepts that will help students become informed and effective users and critics of information technology.",,,,,CMU-UG-2026-27-COURSE-COMP-1010,40-Course-Descriptions/COMP-Computer-Science.md,official_transcription,pending
2026-27,COMP,Computer Science,COMP-1030,Introduction to Computer Science I,3.0,"This course introduces fundamental programming skills and ideas. The Python programming language is used to apply concepts of problem solving, basic data structures, and procedural and functional abstraction. Course work includes a large number of small programming projects with larger projects in the second semester. Object-oriented programming techniques such as modularity and encapsulation will be emphasized.",,,,,CMU-UG-2026-27-COURSE-COMP-1030,40-Course-Descriptions/COMP-Computer-Science.md,official_transcription,pending
2026-27,COMP,Computer Science,COMP-1040,Introduction to Computer Science II,3.0,"This course continues introducing fundamental programming skills and ideas. The Python programming language is used to apply concepts of problem solving, basic data structures, and procedural and functional abstraction. Course work includes a number of larger programming projects. Object-oriented programming techniques such as modularity and encapsulation will be emphasized.",COMP-1030,,,,CMU-UG-2026-27-COURSE-COMP-1040,40-Course-Descriptions/COMP-Computer-Science.md,official_transcription,pending
2026-27,COMP,Computer Science,COMP-1100,The AI Revolution,3.0,"Once a niche research field, Artificial Intelligence has become a major force shaping today’s world. This course introduces students to AI’s history, methods, and implications. It emphasizes AI literacy, hands-on learning, and critical reflection on the promises and perils of AI for humans, non-humans, and the wider world.",,,,,CMU-UG-2026-27-COURSE-COMP-1100,40-Course-Descriptions/COMP-Computer-Science.md,official_transcription,pending
2026-27,COMP,Computer Science,COMP-2010,Computer Implications: Social and Ethical,3.0,"An examination of ethical, social, and legal issues in the application of computers and information technology; the history and future of computers; intellectual property, civil liberties, and privacy; risks and liabilities of technology.",,,,,CMU-UG-2026-27-COURSE-COMP-2010,40-Course-Descriptions/COMP-Computer-Science.md,official_transcription,pending
2026-27,COMP,Computer Science,COMP-3050,Management Information Systems,3.0,This course focuses on managing information as a valuable business and organizational resource. It examines the role and applications of information technology in managing operations as well as the effects of information technology on organization structure and workers.,MATH-1000,,,,CMU-UG-2026-27-COURSE-COMP-3050,40-Course-Descriptions/COMP-Computer-Science.md,official_transcription,pending
2026-27,ECON,Economics,ECON-1000,Introduction to Macro-economics,3.0,"An analysis of contemporary economic institutions and the application of macro-economic theory to current economic problems. The course will consider economic theories of the determination of national income, governmental monetary and fiscal policy, the role of money and the banking system, international trade, and the determination of foreign exchange rates.",,,,,CMU-UG-2026-27-COURSE-ECON-1000,40-Course-Descriptions/ECON-Economics.md,official_transcription,pending
2026-27,ECON,Economics,ECON-1010,Introduction to Micro-economics,3.0,"An analysis of contemporary economic institutions and the application of micro-economic theory to current economic problems. The course will consider economic theories of production, consumption and exchange, price determination, and the role of competition. CPA-approved preparatory course.",,,,,CMU-UG-2026-27-COURSE-ECON-1010,40-Course-Descriptions/ECON-Economics.md,official_transcription,pending
2026-27,ECON,Economics,ECON-2010,Economics of Development,3.0,"This course introduces neoclassical and alternative economic theories relevant to understanding various aspects of development: (i) national aspects, including theories of growth, inequality, labour, and the role of the state; (ii) international aspects, including theories of finance, international financial institutions, trade and globalization; and (iii) sub-national aspects of development, including theories of growth linkages, micro-credit, and community economic development.",IDS-1110 or both ECON-1000 and ECON-1010,,,,CMU-UG-2026-27-COURSE-ECON-2010,40-Course-Descriptions/ECON-Economics.md,official_transcription,pending
2026-27,ECON,Economics,ECON-2090,Indigenous-inspired and Community-focused Business Revitalization,3.0,"There are many approaches to community business development that are crafted by or aligned with Indigenous Peoples. What are the most common approaches, what are their commonalities and differences, and how do they compare with settler approaches to community business development? What role does community participation, elder engagement, and cultural meaning play in community business planning. How does the colonial context in which Indigenous community businesses develop affect this process? The course would use case studies, including cases of existing and emerging Indigenous economic zones (e.g., Naawi-Oodena).",BUSI-1000,,,,CMU-UG-2026-27-COURSE-ECON-2090,40-Course-Descriptions/ECON-Economics.md,official_transcription,pending
2026-27,ECON,Economics,ECON-2400,History of Economic Thought: Macro-economics,3.0,"An examination of the development of economic theory from ancient times until the present. This course will deal with theories of money, interest, and banking, focusing on the period from the mid-eighteenth to the early twentieth century.",,,,,CMU-UG-2026-27-COURSE-ECON-2400,40-Course-Descriptions/ECON-Economics.md,official_transcription,pending
2026-27,ECON,Economics,ECON-2410,History of Economic Thought: Micro-economics,3.0,"An examination of the development of economic theory from ancient times until the present. This course will deal with theories of private property, exchange, value, and distribution, focusing on the period from the mid-eighteenth to the early twentieth century.",,,,,CMU-UG-2026-27-COURSE-ECON-2410,40-Course-Descriptions/ECON-Economics.md,official_transcription,pending
2026-27,ECON,Economics,ECON-2420,Ecological Economics,3.0,"Ecological economics is not merely the study of economics, but a broad, non-technical, and transdisciplinary study of the relationship between humans and the biosphere. Using a long view of history, this course incorporates ideas from across the social and natural sciences to enrich and challenge traditional economic concepts. Topics include the co-evolution of political, economic, and energy systems, the origins of money and inequality, the present scale of ecological decline (including, but not limited to climate change), proposed solutions and barriers to their implementation.",30 credit hours of university-level studies,,,,CMU-UG-2026-27-COURSE-ECON-2420,40-Course-Descriptions/ECON-Economics.md,official_transcription,pending
2026-27,ECON,Economics,ECON-2950,Topics in Economics,3.0,"The content of this course will vary from year to year, depending on the needs of students and the interests and availability of instructors.",,,,,CMU-UG-2026-27-COURSE-ECON-2950,40-Course-Descriptions/ECON-Economics.md,official_transcription,pending
2026-27,ECON,Economics,ECON-3500,International Business and the Common Good,3.0,"This course examines how global economic, political, and cultural factors affect the strategies of companies involved in international business and trade. Topics include: globalization and international business strategy, free trade and regional economic integration, currencies and foreign exchange rates, exporting and foreign direct investment, international management and organizational structure, political and cultural differences in national markets.",BUSI-1000 or ECON-1010,,,,CMU-UG-2026-27-COURSE-ECON-3500,40-Course-Descriptions/ECON-Economics.md,official_transcription,pending
2026-27,ECON,Economics,ECON-3600,Behavioural Economics,3.0,"How do emotions, biases, and social influences shape the way we innovate, invest, and govern? Why do humans so often make irrational, even counterproductive, decisions? This course explores the intersection of psychology and economics, examining deviations from traditional economic assumptions of rational decision-making. Through a mix of theory, experiments, and real-world applications, you’ll discover how cognitive biases, mental shortcuts, and behavioural patterns drive decisions in everyday life. We will critically analyze models of markets and human behaviour, compare them with classical theories of economics and governance, and apply insights to issues such as consumer behavior, public policy, sustainability, and market dynamics.","30 credit hours of university-level studies, including BUSI-1000 or ECON-1010",,,,CMU-UG-2026-27-COURSE-ECON-3600,40-Course-Descriptions/ECON-Economics.md,official_transcription,pending
2026-27,ECON,Economics,ECON-3610,"A History of Money: Money, Power, and the Material Basis of Finance",3.0,"This course traces the history of money from Mesopotamian clay tablets to cryptocurrency, examining how monetary systems have always been entangled with material resources, political power, and moral reasoning. Drawing on economic anthropology, political economy, and biophysical economics, the course challenges standard assumptions about money as a neutral medium of exchange and equips students to understand contemporary monetary debates in deep historical context.",24 credit hours of university-level studies,,,,CMU-UG-2026-27-COURSE-ECON-3610,40-Course-Descriptions/ECON-Economics.md,official_transcription,pending
2026-27,ECON,Economics,ECON-3700,Business and Sustainable Development Goals,3.0,"This course will critically assess the usefulness of the UN's sustainable development goals (and others) as goals to achieve human and environmental health. This course investigates how well businesses are doing with respect to fostering human development and sustaining the environment. Drawing on case studies, the course will examine a set Canadian and international businesses' achievements in sustaining human and environmental health and we will assess the evidence of business contributions to human development and a sustaining environment.",BUSI-1000,,,,CMU-UG-2026-27-COURSE-ECON-3700,40-Course-Descriptions/ECON-Economics.md,official_transcription,pending
2026-27,ECON,Economics,ECON-4030,SMEs and Microfinance,3.0,"This course investigates the emerging field of microfinance—the provision of small loans and financial services to the poor—and its impact on addressing poverty in developing countries. Students will develop an understanding of a range of topics in the field, including the role of credit in microenterprises, lending models, sustainability, and best practice for microfinance institutions (MFIs), microsavings and insurance programs, cultural and social factors. The course offers a unique mix of theory and practice as students will have the opportunity to work on projects relating to current issues with microfinance programs in various regions of the world.",60 credit hours of university-level studies,,,,CMU-UG-2026-27-COURSE-ECON-4030,40-Course-Descriptions/ECON-Economics.md,official_transcription,pending
2026-27,ECON,Economics,ECON-4940,Independent Study in Economics,3.0,A study in a specific area of economics under the direction of a faculty member.,,,,,CMU-UG-2026-27-COURSE-ECON-4940,40-Course-Descriptions/ECON-Economics.md,official_transcription,pending
2026-27,EDUC,Education,EDUC-3100,Exploring Education: Theory and Practice,3.0,"This course introduces students to basic theories of teaching and learning, linking to the philosophies and historical developments that underpin the Manitoba curriculum and how these compare to the rest of Canada and educational contexts in various other countries. Students will critically examine teaching strategies, methods of differentiated instruction, and approaches to creating a supportive learning environment. They will use this knowledge to implement basic principles of instructional design and assessment to build lesson and unit plans and activities for learning and evaluation.",,,,,CMU-UG-2026-27-COURSE-EDUC-3100,40-Course-Descriptions/EDUC-Education.md,official_transcription,pending
2026-27,EDUC,Education,EDUC-3110,Indigenous Education in Manitoba,3.0,"This course introduces the historical, social, cultural, political, and ethical contexts that have shaped approaches to Indigenous (First Nations, Métis, and Inuit) education in Manitoba. Students will encounter Indigenous perspectives on education and how Indigenous ways of understanding cultures, languages, and histories can be centered in contemporary curriculum. Topics vary, but will include traditional worldviews and philosophies, colonization and decolonization in education, policies related to Indigenous education, Treaties in Canada, residential schools, Indigenous self-determination, Manitoba Indigenous curricula.",45 credit hours of university-level study or admission to the Education program. Open to non-Education students,,,,CMU-UG-2026-27-COURSE-EDUC-3110,40-Course-Descriptions/EDUC-Education.md,official_transcription,pending
2026-27,EDUC,Education,EDUC-3200,Inclusive Education,3.0,"This course focuses on how to best educate students with mid- to moderate support needs. It will address the theories underpinning approaches to adaptations, systems, and assessment, and centre the family, community, and educational support services that are available and must work together. Focus will be on developing equitable learning opportunities for students with developmental, physical, and linguistic barriers to access. The mandated provincial curriculum and policies, as well as the legal, ethical, and societal considerations will be addressed as teacher candidates discuss the links between these factors and apply their knowledge in the practical development of adaptation plans and policy analysis.",,,,,CMU-UG-2026-27-COURSE-EDUC-3200,40-Course-Descriptions/EDUC-Education.md,official_transcription,pending
2026-27,EDUC,Education,EDUC-3210,Neurodiversity and Learning Disabilities in the Classroom,3.0,"This course focuses specifically on equipping teacher candidates with the knowledge and skills they need to create learning experiences and communities that work well for children who have neurodiverse brains due to Autism, ADHD, FASD, etc. and/or students who deal with learning disabilities (LD). Neurodiversity and LDs impact children in a variety of ways, so in addition to providing an overview of definitions, characteristics, diagnoses, and potential impacts, this course will provide practical classroom strategies and techniques to help students thrive.",,,,,CMU-UG-2026-27-COURSE-EDUC-3210,40-Course-Descriptions/EDUC-Education.md,official_transcription,pending
2026-27,EDUC,Education,EDUC-3220,Educational Assessment,3.0,"Teacher candidates will review various approaches to assessing student learning in the context of philosophical understandings of what assessment is and is for. In this intensive skills course, teacher candidates will implement formative and summative assessment tools and apply various approaches to gathering and providing feedback. Traditional and non-traditional approaches to assessment will be explored, with a focus on Indigenous and non-Western ways of demonstrating and evaluating learning.",,,,,CMU-UG-2026-27-COURSE-EDUC-3220,40-Course-Descriptions/EDUC-Education.md,official_transcription,pending
2026-27,EDUC,Education,EDUC-3400,Anti-oppressive Education and Culturally Responsive Pedagogies,1.5,"This course provides an in-depth look at how education can be site of reproducing systems of oppression as well as a site for acquiring tools for liberation, depending on the local or global contexts. Teacher candidates will analyze the ways in which power is distributed in educational settings and will be introduced to decolonial frameworks they will use to engage with curriculum and educational practices in Manitoba as a starting point for analyzing a range of global curricula and practices. With a focus on centering the experiences of students, families, and communities who are often marginalized in academic spaces, teacher candidates will explore ways in which they can move from theory to practice in developing culturally responsive approaches that create opportunities for belonging for all students. Specifically, they will practice applying specific instructional strategies and adopting critical reflective practices.",,,,,CMU-UG-2026-27-COURSE-EDUC-3400,40-Course-Descriptions/EDUC-Education.md,official_transcription,pending
2026-27,EDUC,Education,EDUC-3410,Making Sense of Thinking Mathematically,3.0,"This course provides an overview of mathematical sense-making and quantitative thinking and introduces practical instructional and assessment strategies relevant to teaching mathematics according to the Manitoba curriculum. Focus will be given to approaching math anxiety in students and in instructors and developing a mathematics teacher identity. Based on a placement test taken at the beginning of the program, this course includes a content-based lab component that will allow teacher candidates to deepen their own mathematical skills.",,,,,CMU-UG-2026-27-COURSE-EDUC-3410,40-Course-Descriptions/EDUC-Education.md,official_transcription,pending
2026-27,EDUC,Education,EDUC-3420,Making Sense of Scientific Inquiry: Methods in the Sciences,1.5,"This course introduces science as a mode of inquiry throughout K-12 education. Practical instructional and assessment strategies relevant to developing a solid foundation in science literacy and relevant to teaching science across all levels. This approach centres science literacy, so that teacher candidates will be in a position to foster critical thinking and curiosity in asking questions and engaging students with the world around them. Focus will also be given to principles of sustainability and the potential role of Indigenous ways of knowing to developing inclusive Science curriculum.",,,,,CMU-UG-2026-27-COURSE-EDUC-3420,40-Course-Descriptions/EDUC-Education.md,official_transcription,pending
2026-27,EDUC,Education,EDUC-3430,Teaching Reading and Writing,3.0,"This course introduces language learning and literacy development theories that are fundamental to current pedagogical practices in teaching reading and writing. Bringing together the linguistic, cognitive, sociocultural, and developmental dimensions of teaching literacy, a range of instructional strategies will be introduced and practiced related to aspects of reading and writing, including the reading process, reading acquisition skills, the reading-writing connection, writing across the curriculum and the relationship between print and other language modes used in the classroom. Additionally, teacher candidates will engage with the connection between oral and written language practices and how these impact multimodal literacies. Focus will be given to actively adapting approaches from an early literacy instructional context to reading and writing in middle and upper-year classrooms.",,,,,CMU-UG-2026-27-COURSE-EDUC-3430,40-Course-Descriptions/EDUC-Education.md,official_transcription,pending
2026-27,EDUC,Education,EDUC-3440,Multilingual and Multicultural Literacies,1.5,"This course examines current theory, research, and practice that affect language and literacy development for students as classrooms become more linguistically and culturally diverse. Framing multiple languages and cultures as strengths and opportunities and by introducing teacher candidates to relevant linguistic principles, this course focuses on the intersection of English and additional language literacies, whether colonial, minoritized or heritage languages, as well as other modern languages and Indigenous language reclamation and education. In particular, focus will be given to the development of strategies and techniques to support literacy development of students across the K-12 system.",,,,,CMU-UG-2026-27-COURSE-EDUC-3440,40-Course-Descriptions/EDUC-Education.md,official_transcription,pending
2026-27,EDUC,Education,EDUC-3450,Making Sense of Language Arts,1.5,"This course examines current theory, research, and practice for teaching English Language Arts across the curriculum. The course explores creative ways to teach a range of multimodal texts, including short stories, poetry, drama, film, visual images, podcasts, novels, as well as a variety of non-fiction texts. Methods explored may include inquiry circles, novel studies, oral storytelling through sharing circles, etc.",,,,,CMU-UG-2026-27-COURSE-EDUC-3450,40-Course-Descriptions/EDUC-Education.md,official_transcription,pending
2026-27,EDUC,Education,EDUC-3460,Making Sense of the Social World: Methods in History and Social Studies,1.5,"This course introduces teacher candidates to the intertwined disciplines of history and social studies and examines current theory, research, and practice for teaching students to construct knowledge about communities, societies, countries, and the world they live in in historical and political context. Instructional approaches to teaching critical thinking and understanding multiple perspectives, especially Indigenous experiences in the Canadian context, to frame historical and social thinking will be emphasized.",,,,,CMU-UG-2026-27-COURSE-EDUC-3460,40-Course-Descriptions/EDUC-Education.md,official_transcription,pending
2026-27,EDUC,Education,EDUC-3470,Literacy for all Learners,1.5,"This course focuses on collaborating with teachers in curriculum inquiry related to literacy development across the curriculum. Teacher candidates will have the opportunity to be immersed in a school environment and focus on learning about, with and through languages and literacies. This course is a partnership between CMU and two local schools. Levels will alternate between K-8 and 9-12 by semester.",,,,,CMU-UG-2026-27-COURSE-EDUC-3470,40-Course-Descriptions/EDUC-Education.md,official_transcription,pending
2026-27,EDUC,Education,EDUC-3480,Hands-on Approaches to Science and Math,1.5,"This course focuses on the experiential and practical approaches to making science come alive for students, including experiments, investigations, data collection, and cultivating a culture of curiosity and observation. This course is a partnership between CMU and one of two local schools, which will take teacher candidates into local schools to observe and engage with lessons directly. Level will alternate between K-8 and 9-12 by semester.",,,,,CMU-UG-2026-27-COURSE-EDUC-3480,40-Course-Descriptions/EDUC-Education.md,official_transcription,pending
2026-27,EDUC,Education,EDUC-3500,"Art, Drama, and Movement across the Curriculum",1.5,"This course explores how art, drama, and movement can be implemented and play an important role across all levels and areas of curriculum. Teacher candidates will interrogate the role of play in learning at all levels and the essential role of the arts in general in establishing creative learning environments. Teacher candidates will develop strategies and techniques to integrate movement and creative arts into all disciplinary areas.",,,,,CMU-UG-2026-27-COURSE-EDUC-3500,40-Course-Descriptions/EDUC-Education.md,official_transcription,pending
2026-27,EDUC,Education,EDUC-3510,Physical Education and Health across the Curriculum,1.5,"This course focuses on the promotion of physical, mental, and sexual health, and how these can be taught and fostered across all levels, as well as the physical activities and coaching techniques that can engage students in gymnasiums and outdoors to encourage movement, personal management and fitness, as well as physical literacies.",,,,,CMU-UG-2026-27-COURSE-EDUC-3510,40-Course-Descriptions/EDUC-Education.md,official_transcription,pending
2026-27,EDUC,Education,EDUC-3520,Technological and Media Literacy across the Curriculum,1.5,"This course introduces teacher candidates to the use of instructional and information technology and a range of media in the classroom, including resources such as learning management systems, social media, audio and video, and Artificial Intelligence (AI). Teacher candidates will explore the affordances of various technologies and approaches to media in order to critically analyze the potential affordances and disadvantages of using them in various contexts. Focus will be given to developing the technology and media literacy necessary to employ these resources critically and support the development of the same critical perspective and self-management in students at all levels.",,,,,CMU-UG-2026-27-COURSE-EDUC-3520,40-Course-Descriptions/EDUC-Education.md,official_transcription,pending
2026-27,EDUC,Education,EDUC-3530,Music across the Curriculum,1.5,This course covers teaching music for both classroom teachers and Music specialists. Range of music instructional areas will be covered as well as exploring how music is integrated with the broader curriculum.,,,,,CMU-UG-2026-27-COURSE-EDUC-3530,40-Course-Descriptions/EDUC-Education.md,official_transcription,pending
2026-27,EDUC,Education,EDUC-3540,Indigenous Land-based Learning across the Curriculum,1.5,"Guided by the teachings of Elders and Knowledge Keepers, teacher candidates will engage in land-based activities that allow them to connect with the land and to explore what land as learning space means for them as educators, whether they are of Indigenous or settler origins. Teacher candidates will discuss their experiences through sharing circles and story-telling pedagogies based on Indigenous knowledge systems related to creation and our relatedness to land and explore how they can meaningfully integrate land-based learning pedagogies into their practice.",,,,,CMU-UG-2026-27-COURSE-EDUC-3540,40-Course-Descriptions/EDUC-Education.md,official_transcription,pending
2026-27,EDUC,Education,EDUC-3550,Specialist Methods: Approaches to Teaching Languages,1.5,"This course provides an introduction to the study of curriculum, instructional strategies and assessment approaches in teaching languages in a way that allows teacher candidates to link theory and practice in implementation. Particular attention will be paid to the context of language teaching models being used in Manitoba—from French immersion to Ukrainian bilingual, to German heritage to Indigenous language revitalization efforts.",,,,,CMU-UG-2026-27-COURSE-EDUC-3550,40-Course-Descriptions/EDUC-Education.md,official_transcription,pending
2026-27,EDUC,Education,EDUC-3560,Specialist Methods: Teaching Bible and Religious Studies in Schools,1.5,"This course is designed to prepare teacher candidates to teach Bible and Religious Studies in a variety of Christian independent schools. Taking an Anabaptist perspective on interpreting the Bible, the course fosters the development of necessary theological grounding and pedagogical skills to support teaching about Christian faith traditions and facilitating conversations with students about their beliefs and understandings of faith in developmentally appropriate ways from K-12.",,,,,CMU-UG-2026-27-COURSE-EDUC-3560,40-Course-Descriptions/EDUC-Education.md,official_transcription,pending
2026-27,EDUC,Education,EDUC-3900,Education Practicum I,2.0,"Teacher candidates’ first Practicum includes time in the classroom at the beginning of the school year before students arrive, and experiencing how the school year begins—how routines are set, relationships established, and expectations communicated. During their first Practicum block, teacher candidates will meet weekly in a seminar format to debrief their experiences in their various schools, share their learning, and highlight their questions. In this first block, teacher candidates will observe and support instructional strategies and approaches, notice and ask questions about the Mentor Teacher’s plans and approaches to assessment, and over time assume approximately 25% of teaching responsibilities over the last 2 weeks.",,,,,CMU-UG-2026-27-COURSE-EDUC-3900,40-Course-Descriptions/EDUC-Education.md,official_transcription,pending
2026-27,EDUC,Education,EDUC-3910,Education Practicum II,2.0,"Teacher candidates’ second Practicum includes time in the classroom once classes have resumed after the holiday break. At this time, teacher candidates will be entering classrooms where routines, relationships, and expectations have been established. This will allow them to focus on experimenting with their own instructional approaches by gradually taking over approximately 40% of instructional time by the last three weeks of their block. They will seek to support instruction and team teach with their Mentor Teacher, allowing for a learning lab experience that has the Mentor Teacher providing feedback and assessment in real time. Teacher candidates will develop and implement learning plans aligned with the Mentor Teacher’s year-long curricular plans, and work with small groups and the whole class at various points. Teacher candidates will meet weekly in a seminar format to debrief their experiences in various schools, share their learning, workshop lesson plans and resources, and highlight their questions.",,,,,CMU-UG-2026-27-COURSE-EDUC-3910,40-Course-Descriptions/EDUC-Education.md,official_transcription,pending
2026-27,EDUC,Education,EDUC-4100,Teacher as Scholar and Changemaker,3.0,"This course provides an overview of the theories and strategies involved in effecting meaningful change rooted in community power. Given the challenges in education today, teacher candidates must develop skills in resiliency and be equipped to effect change in concrete ways in their contexts. In this course, teacher candidates will develop necessary research literacy to interpret academic research and will engage in critical teacher inquiry as an approach to changemaking. They will be introduced to a range of quantitative and qualitative research methodologies in teaching and learning, including a focus on Indigenous research methodologies. With this foundation in education research, teacher candidates will receive an overview of and training in how to affect public policy through research and advocacy. Subsequently, through collaboration and consultation, teacher candidates will evaluate approaches to educational change that can be implemented at the classroom, school, and community levels. Attention will be paid to identifying one’s locus of control and how to navigate challenges in compassionate, resilient ways.",,,,,CMU-UG-2026-27-COURSE-EDUC-4100,40-Course-Descriptions/EDUC-Education.md,official_transcription,pending
2026-27,EDUC,Education,EDUC-4200,"Children, Families, and Communities: Educating the Whole Child",1.5,"This course focuses on navigating the realities of families and communities that profoundly shape and educate children beyond the school system here in Canada and in communities around the world. This intensive skill building course will prepare teacher candidates to navigate the relationships with parents, caregivers and the broader community when it comes to attitudes and beliefs about education, economic and social realities, and linguistic and cultural differences, including Indigenous and non-Western approaches to learning. Particular attention will be paid to compassionately engaging in challenging conversations and collaborations to ensure students’ needs are being centered.",,,,,CMU-UG-2026-27-COURSE-EDUC-4200,40-Course-Descriptions/EDUC-Education.md,official_transcription,pending
2026-27,EDUC,Education,EDUC-4210,Restorative Justice and Conflict Resolution in the Classroom,1.5,"This course introduces teacher candidates to theory and practice underlying creating and managing an inclusive, effective learning environment. Teacher candidates will explore approaches to community-building and identify the factors that can influence student and teacher behaviours, exploring, in particular, Indigenous and non-Western ways of knowing, being, and learning. This course will apply a restorative justice lens with practical approaches to building skills that enable educators to centre relationships while de-escalating violence and harm.",,,,,CMU-UG-2026-27-COURSE-EDUC-4210,40-Course-Descriptions/EDUC-Education.md,official_transcription,pending
2026-27,EDUC,Education,EDUC-4220,Capstone Curricular Design Project,1.5,"Throughout their degree, teacher candidates will learn about, with, and through community, as well as methodologies, philosophies of education, and understanding their social location in the context of education in particular, and society in general. In this collaborative Capstone, teacher candidates collaborate to develop year-long plans that contain clear learning objectives, unit overviews, and lesson ideas, as well as sample assignment descriptions, that weave what teacher candidates have learned about experiencing and creating community throughout their degree. Teacher candidates will choose to create an early years, middle years, or senior years year-long plan that addresses at least 3 disciplinary areas and how they are connected, highlights what they have learned about centering Indigenous Ways of Knowing in meaningful ways throughout the year. What they develop will be workshopped and shared with other teacher candidates in their cohort so that they can actively find points of connection between their year-long plans and identify where collaboration, co-teaching, and co-creation are most effective.",,,,,CMU-UG-2026-27-COURSE-EDUC-4220,40-Course-Descriptions/EDUC-Education.md,official_transcription,pending
2026-27,EDUC,Education,EDUC-4800,Call to Action 63: The Role of Educators in Reconciliation,3.0,"This course deepens teacher candidates’ understanding of how they can contribute to implementing TRC Call 63 in their practice as teachers. Call 63 asks for implementation of curriculum on Indigenous history, as well as Canada’s legacy of residential schools with the purpose of “building student capacity for understanding, empathy, and mutual respect.” Teacher candidates will evaluate existing curriculum and collaborate to build and test out new approaches that are authentic to them and build their confidence and emotional resilience to integrate Indigenous education into their professional practice.",EDUC-3110 and admission to the Education program,,,,CMU-UG-2026-27-COURSE-EDUC-4800,40-Course-Descriptions/EDUC-Education.md,official_transcription,pending
2026-27,EDUC,Education,EDUC-4810,Interfaith Dialogue and Learning in Pluri-religious Schools,3.0,"This course takes as a premise that all children can benefit from interfaith education and that children can easily be harmed when interfaith education is poorly designed. Teacher candidates will explore how schools negotiate tensions in a pluri-religious context that also separates church and state, and the impacts of interfaith education on the experiences of students from minority religious contexts, as well as students from majority religious (mostly Christian) contexts. Teacher candidates will examine the ways in which their own faith and religious experiences impact their identities and approaches to education and apply practical approaches to fostering respectful and productive interfaith learning environments.",,,,,CMU-UG-2026-27-COURSE-EDUC-4810,40-Course-Descriptions/EDUC-Education.md,official_transcription,pending
2026-27,EDUC,Education,EDUC-4820,Pedagogies of Peace and Justice,3.0,"This course will provide an overview of the ideologies and discourses of education as an ethical and social justice issue and how understandings of justice practically impact how effectiveness or justice in education are addressed. Teacher candidates will analyze various educational approaches in Canada and around the world to articulate their own philosophies and priorities for their teaching practice and how these can be practically implemented. Attention will be given to how education as an ethical and social justice issue is shaped by inequalities related to race, ethnicity, language, class, gender, ability, worldviews and knowledge systems, and settler colonialism.",,,,,CMU-UG-2026-27-COURSE-EDUC-4820,40-Course-Descriptions/EDUC-Education.md,official_transcription,pending
2026-27,EDUC,Education,EDUC-4830,Principles of Environmental and Place-based Teaching and Learning,3.0,"This course focuses on the intersections between the environment and human life and instructional approaches teachers can use to support critical reflection on students’ sense of place (geographic reality) and the effects of human activity on the environment, both in the local Manitoba context, as well as in various places around the world. Focus will be given to the development of systems thinking skills to address personal and collective action for change. In particular, approaches that centre Indigenous ways of knowing and that take students out of the classroom and foster understanding the environment and land itself as teacher and classroom will be highlighted and experienced.",Admission to the Education program,,,,CMU-UG-2026-27-COURSE-EDUC-4830,40-Course-Descriptions/EDUC-Education.md,official_transcription,pending
2026-27,EDUC,Education,EDUC-4900,Education Practicum III,3.0,"Teacher candidates’ third Practicum includes increased responsibility for instruction and the development of strategies for relationship building with students, classroom management, assessment, and aligning instructional strategies and lesson planning with Manitoba Curriculum expectations as well as the Mentor Teacher’s long-term curricular plans. This block takes place following March Break, and includes a weekly seminar for teacher candidates to debrief their experiences, workshop their lesson plans and ideas with peers, and discuss questions and suggestions. Focus in this placement will be given to experimenting with and implementing a variety of assessment approaches in collaboration with the Mentor Teacher, including formative and summative, as well as adaptation of assessment depending on student needs. Over the course of this block, teacher candidates will eventually take responsibility for approximately 50% of instructional time.",,,,,CMU-UG-2026-27-COURSE-EDUC-4900,40-Course-Descriptions/EDUC-Education.md,official_transcription,pending
2026-27,EDUC,Education,EDUC-4910,Education Practicum IV,5.0,"Teacher candidates’ fourth and last Practicum includes increased responsibility for instruction and implementation of strategies for relationship building, classroom management, long-term curricular planning, and effective integration into the school community. Teacher candidates will increase responsibility to a minimum of 75% of instructional time, which requires detailed conversations with the Mentor Teacher about unit and lesson planning, assessment strategies, and classroom routines. During this block, teacher candidates will be in the classroom in August before the school year begins and spend the first several weeks of the school year in their placement. During this block, they will take responsibility for developing, implementing, and assessing a series of meaningful and connected lessons that align with the Mentor Teacher’s curricular plan. As teacher candidates may be away from Winnipeg during this placement, making attending a seminar challenging, they will stay connected to their peers through regular online discussions and meetings with university faculty at two points during their block to debrief and discuss.",,,,,CMU-UG-2026-27-COURSE-EDUC-4910,40-Course-Descriptions/EDUC-Education.md,official_transcription,pending
2026-27,EDUC,Education,EDUC-4940,Independent Study: Methods,3.0,"In this course, readings on a particular topic will be arranged between an individual student and an instructor.",,,,,CMU-UG-2026-27-COURSE-EDUC-4940,40-Course-Descriptions/EDUC-Education.md,official_transcription,pending
2026-27,EDUC,Education,EDUC-4950,Topics in Education,3.0,This course examines the relevant issues and developments in education. Course content varies from year to year. Course topics will be made available to teacher candidates before registration.,,,,,CMU-UG-2026-27-COURSE-EDUC-4950,40-Course-Descriptions/EDUC-Education.md,official_transcription,pending
2026-27,ENGL,English,ENGL-1010,English Literature: Prose Fiction,3.0,"This course will examine narrative, focusing on the genres of the novel and the short story, drawing upon a broad range of historical and contemporary literature from around the world, with an emphasis on the twentieth century. It will examine the complex relationship between form and content, reflecting on how words make meaning .",,,,,CMU-UG-2026-27-COURSE-ENGL-1010,40-Course-Descriptions/ENGL-English.md,official_transcription,pending
2026-27,ENGL,English,ENGL-1020,English Literature: Poetry and Drama,3.0,"This course will examine the genres of the play, the narrative poem, and the lyrical poem, drawing upon a broad range of historical and contemporary literature from around the world, with an emphasis on the twentieth century. It will examine the complex relationship between form and content, reflecting on how words make meaning.",,,,,CMU-UG-2026-27-COURSE-ENGL-1020,40-Course-Descriptions/ENGL-English.md,official_transcription,pending
2026-27,ENGL,English,ENGL-1030,Classical Literature: Homeric Gods and Heroes,3.0,"A study of three epic poems, Homer’s Iliad and Odyssey , and Virgil’s Aeneid , that resonate with timeless human concerns: civility and war, duty and friendship, freedom and slavery, migration and land, to name a few. Knowing these poems gives insight into both the literary tradition as well as current popular culture.",,,,,CMU-UG-2026-27-COURSE-ENGL-1030,40-Course-Descriptions/ENGL-English.md,official_transcription,pending
2026-27,ENGL,English,ENGL-1040,English Literature: Narrative Film,3.0,"An introduction to reading the cinema, with an emphasis on the appreciation and analysis of narrative film. This course will concentrate on the canon of influential North American and European films in the past century. Students will acquire a vocabulary of film criticism, with attention to genres, themes, and key theories. While we will consider film as entertainment and industry, our primary goal will be to examine significant films as works of art.",,,,,CMU-UG-2026-27-COURSE-ENGL-1040,40-Course-Descriptions/ENGL-English.md,official_transcription,pending
2026-27,ENGL,English,ENGL-1050,English Literature Topics,3.0,"This course will take up a particular topic, chosen by the instructor, drawing on works from across genres (minimally poetry, drama, and prose fiction). It will allow exploration of the chosen topic and will also set up the question of generic particularity, developing generic awareness by asking “what difference does it make that this is a poem/play/story?”",,,,,CMU-UG-2026-27-COURSE-ENGL-1050,40-Course-Descriptions/ENGL-English.md,official_transcription,pending
2026-27,ENGL,English,ENGL-1510,Introduction to Theatre,3.0,"A study of the components of theatrical performance and the rehearsal process; an introduction to the basics of acting. Includes performance assignments. ENGL-1531, 2531, 3531 Theatre Ensemble (1.0 credit hour) An auditioned ensemble that will prepare and present a play which focuses on themes of peace and justice, or scriptural/sacred stories. It will explore table work, vocal technique, theories of movement and space, dramaturgy, and new play development. The ensemble will also focus on political theatre as a tool to affect social change. The ensemble will rehearse and perform a production for tour in Winnipeg and surrounding area.",,,,,CMU-UG-2026-27-COURSE-ENGL-1510,40-Course-Descriptions/ENGL-English.md,official_transcription,pending
2026-27,ENGL,English,ENGL-2030,Medieval Literature,3.0,"This survey course studies the English literature of the Middle Ages, from its early development in Old English, or Anglo-Saxon, to the flourishing of poetry and drama in Middle English. It emphasizes the relationship between literature and its historical contexts, studying works such as Beowulf and The Canterbury Tales as well as mystical writings and morality and mystery plays.",,,,,CMU-UG-2026-27-COURSE-ENGL-2030,40-Course-Descriptions/ENGL-English.md,official_transcription,pending
2026-27,ENGL,English,ENGL-2040,Renaissance Literature,3.0,"This survey course studies the literature of the English Renaissance, from the sixteenth to the mid-seventeenth century. It emphasizes the relationship between literature and its historical contexts, studying playwrights such as Shakespeare, Marlowe, and Jonson and pets such as the Sidneys, Donne, Herbert, and Milton.",,,,,CMU-UG-2026-27-COURSE-ENGL-2040,40-Course-Descriptions/ENGL-English.md,official_transcription,pending
2026-27,ENGL,English,ENGL-2050,Restoration and Eighteenth-Century Literature,3.0,"This survey course studies Restoration and Eighteenth-Century English literature. It emphasizes the relationship between literature and its historical contexts, studying authors such as Dryden, Bunyan, Behn, Swift, Pope, Burney, and Gay.",,,,,CMU-UG-2026-27-COURSE-ENGL-2050,40-Course-Descriptions/ENGL-English.md,official_transcription,pending
2026-27,ENGL,English,ENGL-2060,Romantic and Victorian Literature,3.0,"This survey course studies literature of the nineteenth century, principally British, and includes poetry, drama, non-fiction, and fiction. It emphasizes the relationship between literature and its historical contexts, studying authors such as Wordsworth, Keats, the Shelleys, Tennyson, George Eliot, Newman, Ruskin, the Pre-Raphaelites, and Wilde.",,,,,CMU-UG-2026-27-COURSE-ENGL-2060,40-Course-Descriptions/ENGL-English.md,official_transcription,pending
2026-27,ENGL,English,ENGL-2070,Modernist Literature,3.0,"This survey course studies literature of the twentieth century, including poetry, drama, non-fiction, and fiction. The course emphasizes the relationship between literature and its historical contexts, studying authors such as Conrad, Woolf, Joyce, Yeats, Auden, T.S. Eliot, and Hemingway. The emphasis is on British modernism of the first half of the century, but the course may also consider other national literatures, as well as literary movements after modernism.",,,,,CMU-UG-2026-27-COURSE-ENGL-2070,40-Course-Descriptions/ENGL-English.md,official_transcription,pending
2026-27,ENGL,English,ENGL-2400,Creative Writing: Non-fiction,3.0,"This is a workshop-based course in non-fiction writing. Students will study models of accomplished writing and will produce a number of short pieces ranging from the autobiographic to the journalistic. Students will be expected, in addition to other work, to read and comment upon each other’s work. This is not a remedial writing course.",,,,,CMU-UG-2026-27-COURSE-ENGL-2400,40-Course-Descriptions/ENGL-English.md,official_transcription,pending
2026-27,ENGL,English,ENGL-2410,Creative Writing: Short Fiction,3.0,"This is a workshop-based course in writing short fiction. Students will be expected, in addition to other work, to read and comment upon each other’s work.",,,,,CMU-UG-2026-27-COURSE-ENGL-2410,40-Course-Descriptions/ENGL-English.md,official_transcription,pending
2026-27,ENGL,English,ENGL-2420,Creative Writing: Poetry,3.0,"This is a workshop-based course in writing poetry. Students will be expected, in addition to other work, to read and comment upon each other’s work.",,,,,CMU-UG-2026-27-COURSE-ENGL-2420,40-Course-Descriptions/ENGL-English.md,official_transcription,pending
2026-27,ENGL,English,ENGL-2440,Introduction to Comics,3.0,"In this course students will explore different approaches to graphic narrative and visual storytelling through the medium of comics. Students will read shortform comics, graphic novels, and comics theory as we pay attention to the medium’s hybrid approach to words and images. This course will also require students to participate in some drawing-based exercises and assignments. (No drawing experience/training necessary.) Through reading, class discussion and practice, students will learn how to use the basic elements of comics as tools for expression and storytelling. Communications and Media: area course.",,,,,CMU-UG-2026-27-COURSE-ENGL-2440,40-Course-Descriptions/ENGL-English.md,official_transcription,pending
2026-27,ENGL,English,ENGL-2450,The Digital Word,3.0,"From personal texting to massive databases, electronic text is everywhere. But how does both the act of writing and text itself change in an electronic medium? This course considers the question in both practice and theory. Students will learn the basics of textual encoding (using a mark-up language such as XML) and digital tools for studying texts, and will also consider digital culture more broadly, looking at literature as it is either remediated into digital forms or ‘born digital' and at the role of AI in composition of literary and programming text.",,,,,CMU-UG-2026-27-COURSE-ENGL-2450,40-Course-Descriptions/ENGL-English.md,official_transcription,pending
2026-27,ENGL,English,ENGL-2520,Introduction to Literature for Theatre,3.0,A study of plays both as literature and as texts for stage presentation. The course provides an introduction to script analysis.,,,,,CMU-UG-2026-27-COURSE-ENGL-2520,40-Course-Descriptions/ENGL-English.md,official_transcription,pending
2026-27,ENGL,English,ENGL-2600,Asian and Asian North American Literature,3.0,"This course is designed to introduce students to some of the fascinating new writing coming out of the Asian diaspora in Canada and the U.S., and contemporary writing in translation from China and other parts of Asia. Through various genres such as the novel, memoir, graphic novel, drama, and poetry, we will look at the continuing shift of cultural values and identities in the Asian and Asian North American world of literature.",,,,,CMU-UG-2026-27-COURSE-ENGL-2600,40-Course-Descriptions/ENGL-English.md,official_transcription,pending
2026-27,ENGL,English,ENGL-2610,"Mennonites, Literature, and the Arts: Lessons from the Low Countries",3.0,"It is often thought that Mennonites came to embrace the worlds of literature and the visual arts only very recently, in the second half of the 20th Century. But in 17th Century Amsterdam and the Netherlands, Mennonites were among its most prominent poets, dramatists, and visual artists. By studying the lives and works of these figures, this course explores a part of Mennonite history that is often underappreciated, at least in the North American context.",,,,,CMU-UG-2026-27-COURSE-ENGL-2610,40-Course-Descriptions/ENGL-English.md,official_transcription,pending
2026-27,ENGL,English,ENGL-2950,Topics in English,3.0,"The content of this course will vary from year to year, depending on the needs of students and the interests and availability of instructors.",,,,,CMU-UG-2026-27-COURSE-ENGL-2950,40-Course-Descriptions/ENGL-English.md,official_transcription,pending
2026-27,ENGL,English,ENGL-3000,The History of the Book,3.0,"This course examines the book as a material and a conceptual object. It focuses on the development of writing technologies from stone tablets through the paper book and to electronic texts, asking centrally about the material history of the literature we read as well as our ideas about knowledge itself.","6 credit hours of introductory English (1010-1050), including one of ENGL-1010, ENGL-1020, or ENGL-1050",,,,CMU-UG-2026-27-COURSE-ENGL-3000,40-Course-Descriptions/ENGL-English.md,official_transcription,pending
2026-27,ENGL,English,ENGL-3010,Shakespeare,3.0,"This course studies the dramas of William Shakespeare and asks both what they would have meant to their original audiences and why they remain popular today, four centuries later. Plays will include histories, comedies, tragedies, and romances.","6 credit hours of introductory English (1010-1050), including one of ENGL-1010, ENGL-1020, or ENGL-1050. ENGL-3011 Existentialism: Dostoevsky, Kierkegaard, and Nietzsche (3:0 credit hours) This course will examine select writings of authors who are described as ‘existentialist.’ Possible authors to be studied include: Kierkegaard, Dostoevsky, Nietzsche, Weil, Camus, and de Beauvoir. Broadly speaking, an author can be classified as ‘existentialist’ if their primary concern is to discern the truth of the human person beyond the concepts and categories supplied by the natural, social, psychological, and moral sciences. We will evaluate the authors’ critiques of these various frameworks as well as the forms of individual and social life they advocate in place of them. Prerequisite(s): 30 credit hours of university-level studies",,,,CMU-UG-2026-27-COURSE-ENGL-3010,40-Course-Descriptions/ENGL-English.md,official_transcription,pending
2026-27,ENGL,English,ENGL-3020,Studies in Sixteenth-Century Literature,3.0,"This course will consider the literature of the sixteenth century, with a particular focus. The focus may be on a particular topic or a particular author or group of authors.",,,,,CMU-UG-2026-27-COURSE-ENGL-3020,40-Course-Descriptions/ENGL-English.md,official_transcription,pending
2026-27,ENGL,English,ENGL-3040,Nineteenth-Century Novel,3.0,"This course is a study of the emergence of the novel as one of the dominant literary forms. We will investigate historical and theoretical contexts, research theories of the rise of the novel, and examine various styles such as comedy, realism, romance, and early examples of modernism. The reading list will emphasize influential British novels but may include North American and European titles. Authors may include Scott, Austen, Bronte, Dickens, James, George Eliot, Hardy, Conrad, Twain, Hawthorne, Dostoyevsky, and Flaubert",,,,,CMU-UG-2026-27-COURSE-ENGL-3040,40-Course-Descriptions/ENGL-English.md,official_transcription,pending
2026-27,ENGL,English,ENGL-3050,The Novel Since 1900,3.0,"The novel survived a rapid series of transformations in the past century, including the declaration of ""the death of the novel,"" and remains a dominant form. Each version of this course will offer a survey of influential novels or focus on a national tradition or topic. Trends to be examined include modernism, postmodernism, and magic realism. Theoretical and cultural contexts will be studied, but the primary goal of the course is detailed study of individual novels.",,,,,CMU-UG-2026-27-COURSE-ENGL-3050,40-Course-Descriptions/ENGL-English.md,official_transcription,pending
2026-27,ENGL,English,ENGL-3060,Canadian Literature,3.0,"Students will investigate Canadian poetry, fiction, drama, and non-fiction and consider the political and historical issues involved in the creation of ‘Can Lit.’ The focus will vary and may include regional, Indigenous, Francophone, or Pre-Confederation voices. Major authors may include Stephen Leacock, Mordecai Richler, Margaret Atwood, Guy Vanderhaeghe, Rudy Wiebe, Michael Ondaatje, Robert Kroetsch, Michel Tremblay, P.K. Page, and Thomas King.",,,,,CMU-UG-2026-27-COURSE-ENGL-3060,40-Course-Descriptions/ENGL-English.md,official_transcription,pending
2026-27,ENGL,English,ENGL-3070,World Literature in English,3.0,"Some of the most exciting and challenging writing of the past decades belongs to the literatures of former British colonies. This course will consider the complex relationship between Indigenous and colonist literary traditions and the development of national voices within the colonial structures of language and genre. Individual instructors will focus the course, usually on a particular place or topic.",,,,,CMU-UG-2026-27-COURSE-ENGL-3070,40-Course-Descriptions/ENGL-English.md,official_transcription,pending
2026-27,ENGL,English,ENGL-3080,Mennonite Literature,3.0,"This course deals with literature that substantively engages the broad Mennonite experience, particularly in North America. It will primarily deal with recent Canadian and U.S. authors who write out of personal experience of Mennonite community, though not necessarily autobiographically. Texts will be studied in the context of Mennonite histories, cultures, and theologies.",,,,,CMU-UG-2026-27-COURSE-ENGL-3080,40-Course-Descriptions/ENGL-English.md,official_transcription,pending
2026-27,ENGL,English,ENGL-3090,Studies in Medieval Literature,3.0,"This course will consider the literature of the Middle Ages, with a particular focus. This focus may be on a particular topic or a particular author or group of authors.",,,,,CMU-UG-2026-27-COURSE-ENGL-3090,40-Course-Descriptions/ENGL-English.md,official_transcription,pending
2026-27,ENGL,English,ENGL-3091,Songwriting: Words and Music Together,3.0,"Songs are an ancient mode of expression and historically a powerful force expressing and motivating public opinion, persisting today as one of the most popular art forms. This course for non-majors as well as majors examines songs in a variety of genres and languages, by composers from many cultures and of diverse identities. We will analyze how these songs work, learn simple forms and harmonic progressions, and finally write songs and learn basic studio recording techniques.",30 credit hours of university-level studies. A studio fee will be applied,,,,CMU-UG-2026-27-COURSE-ENGL-3091,40-Course-Descriptions/ENGL-English.md,official_transcription,pending
2026-27,ENGL,English,ENGL-3100,Short Fiction,3.0,"This course will consider the short story and novella, from their origins (Aesop, Chaucer, Boccaccio, Grimm) through the flood of short fiction written from the mid-nineteenth century on, and on to present examples. The course will look at influential British, American, and Canadian short fiction (from Poe to Munro) and at works in translation from around the world, including examples of realism, romanticism, modernism, fantasy, detective fiction, etc.",,,,,CMU-UG-2026-27-COURSE-ENGL-3100,40-Course-Descriptions/ENGL-English.md,official_transcription,pending
2026-27,ENGL,English,ENGL-3110,Milton,3.0,"This course examines the work of John Milton with particular emphasis on his epic poem Paradise Lost , and on other selections from his poetry and prose.",,,,,CMU-UG-2026-27-COURSE-ENGL-3110,40-Course-Descriptions/ENGL-English.md,official_transcription,pending
2026-27,ENGL,English,ENGL-3120,Dante: The Divine Comedy,3.0,"When, at the mid-point of his life, Dante found himself in the midst of a crisis, he turned to the dead to help him find his way. Equal parts literature, poetry, history, politics, philosophy, and theology, this course will follow Dante’s epic journey through hell, purgatory, and heaven as recorded in the Divine Comedy .","6 credit hours of introductory English (1010-1050), including one of ENGL-1010, ENGL-1020, or ENGL-1050, or 6 credit hours of 1000- or 2000-level Philosophy",,,,CMU-UG-2026-27-COURSE-ENGL-3120,40-Course-Descriptions/ENGL-English.md,official_transcription,pending
2026-27,ENGL,English,ENGL-3430,Literary Non-Fiction,3.0,"This course will focus on the personal essay, a vital literary form that allows the writer informal and candid reflection on self and on social, political, and spiritual issues. We will study examples from ancient times to the present day and include memoirs, polemics, and comic essays. Our reading list will feature such famous essayists as Augustine, Montaigne, Lamb, Woolf, and Orwell. The focus will be on short essays, but influential book-length non-fiction works will also be included.",,,,,CMU-UG-2026-27-COURSE-ENGL-3430,40-Course-Descriptions/ENGL-English.md,official_transcription,pending
2026-27,ENGL,English,ENGL-3440,Comics in Canada,3.0,"This course examines cartoons, comic strips, and graphic novels that engage questions of Canadian identity, nationhood, and Indigenous rights. It begins with political cartooning around Confederation, moves through the emergence of Canadian superheroes, and traces the rise of independent comics publishing in Canada. The course will engage with longer works by artists and authors such as Chester Brown, Seth, Jillian Tamaki, and katherena vermette. Students will have the opportunity to make their own place-based graphic narratives.",,,,,CMU-UG-2026-27-COURSE-ENGL-3440,40-Course-Descriptions/ENGL-English.md,official_transcription,pending
2026-27,ENGL,English,ENGL-3445,Drawing From Life: Graphic Memoir and Autobiographical Comics,3.0,"Many of the most celebrated “graphic novels” of the last fifty years are autobiographical. How has the turn toward personal subject matter influenced contemporary comics? What makes a visual medium like comics so well-suited to autobiographical narrative? This course combines critical analysis of course texts with opportunities for students to create and share their own autobiographical comics, employing different methods of writing and image making.",,,,,CMU-UG-2026-27-COURSE-ENGL-3445,40-Course-Descriptions/ENGL-English.md,official_transcription,pending
2026-27,ENGL,English,ENGL-3750,"Shakespeare, Philosophy, and Religion",3.0,"Taking a cue from the American philosopher Stanley Cavell, this course places the work of Shakespeare into conversation with early modern philosophy and religion. In particular, it will explore the claim that Shakespeare’s tragic and post-tragic plays— Othello, King Lear, The Winters Tale, The Tempest —are responding in different ways to the same challenges associated with early modern philosophers such as René Descartes. Finally, it will examine how these issues play out in early modern religious life and thought.",30 credit hours of university-level studies,,,,CMU-UG-2026-27-COURSE-ENGL-3750,40-Course-Descriptions/ENGL-English.md,official_transcription,pending
2026-27,ENGL,English,ENGL-3760,Literature and Theology,3.0,"An interdisciplinary study of literary and doctrinal texts that invites students to experience these sources theologically and imaginatively, doing so in a way that enables the study of various themes such as redemption, forgiveness, love, and fidelity to others and to creation.","30 credit hours of university-level stud­ies, including 6 credit hours in either Biblical and Theological Studies or introductory English (1010-1050), the latter of which must include one of ENGL-1010, ENGL-1020, or ENGL-1050",,,,CMU-UG-2026-27-COURSE-ENGL-3760,40-Course-Descriptions/ENGL-English.md,official_transcription,pending
2026-27,ENGL,English,ENGL-3765,Mennonite Literature and Theology,3.0,"Writers of Mennonite heritage have found a prominent place in Canadian and American literature, and Mennonite literature, broadly understood to include fiction, poetry, memoir, and literary criticism, has become a recognizable minor literature in North America. This course will provide an opportunity to read and consider theological writings alongside of Mennonite literature produced by writers such as Rudy Wiebe, Julia Kasdorf, Miriam Toews, David Bergen, Dora Dueck, and Di Brandt, attempting to understand literary style, thematic developments, Mennonite sensibilities embraced or denied, and so on. Given the unique opportunity afforded by our location, the course may incorporate presentations by Winnipeg writers.",30 credit hours of university-level studies,,,,CMU-UG-2026-27-COURSE-ENGL-3765,40-Course-Descriptions/ENGL-English.md,official_transcription,pending
2026-27,ENGL,English,ENGL-3800,Reading Culture,3.0,"An extension of the practices involved in reading written texts, this course includes the exploration and analysis of other cultural forms such as film, TV programming, and visual graphics, including photographs and advertising that participate in the cultural production of meaning. Attention will be given to theories of how meaning is constructed and exchanged.",,,,,CMU-UG-2026-27-COURSE-ENGL-3800,40-Course-Descriptions/ENGL-English.md,official_transcription,pending
2026-27,ENGL,English,ENGL-3900,Major Authors,3.0,This course will take up the work of a single author (or a combination of authors) with an aim to understanding the body of work of that author. Choice of author and of approach will be made annually.,,,,,CMU-UG-2026-27-COURSE-ENGL-3900,40-Course-Descriptions/ENGL-English.md,official_transcription,pending
2026-27,ENGL,English,ENGL-3910,Literary Genres,3.0,"This course will examine representative works from a chosen genre, such as chivalric romance, Petrarchan love poetry, detective fiction, or science fiction. Choice of genre will be made annually.",,,,,CMU-UG-2026-27-COURSE-ENGL-3910,40-Course-Descriptions/ENGL-English.md,official_transcription,pending
2026-27,ENGL,English,ENGL-3920,Children’s Literature,3.0,"Our current conception of childhood as a particular phase of personhood arguably dates from the Romantic era, when the notion of childhood as a time of innocence, play, and imagination began to replace the perception that children merely had to be instructed in adult responsibility. This course will study a number of significant literary works for young people produced during the past 150 years. Picture books, alphabet primers, children’s verse, works of the late Victorian ‘Golden Age,’ fantasy, fairy tales, and social problem novels are among the genres to be considered. Along the way we will consider questions about literacy, independence, adventure, creativity, gender, difference and diversity, and moral education.",,,,,CMU-UG-2026-27-COURSE-ENGL-3920,40-Course-Descriptions/ENGL-English.md,official_transcription,pending
2026-27,ENGL,English,ENGL-3950,Topics in English,3.0,"The content of this course will vary from year to year, depending on the needs of students and the interests and availability of instructors.",,,,,CMU-UG-2026-27-COURSE-ENGL-3950,40-Course-Descriptions/ENGL-English.md,official_transcription,pending
2026-27,ENGL,English,ENGL-4000,Senior Thesis in English,6.0,"This course is restricted to students completing the Bachelor of Arts, four-year major in English. Eligible students should refer to the Thesis Writing Procedures in the Academic Policies section of this calendar.",,,,,CMU-UG-2026-27-COURSE-ENGL-4000,40-Course-Descriptions/ENGL-English.md,official_transcription,pending
2026-27,ENGL,English,ENGL-4200,Revenge,3.0,"This course will explore the cultural and theological meanings of revenge through a range of literary forms including drama, narrative, poetry, and film, beginning with the tradition of the revenge tragedy. Why do so many revenge stories end in cataclysm? Out of what does the desire for revenge arise? Is the desire for revenge an endless response to injustice? What is forgiveness, and how might it interrupt the desire for revenge?",,,,,CMU-UG-2026-27-COURSE-ENGL-4200,40-Course-Descriptions/ENGL-English.md,official_transcription,pending
2026-27,ENGL,English,ENGL-4800,Literary Theory,3.0,"Students will be introduced to some of the many methods used to interpret literary material and helped to develop a theoretically informed approach to literature. Perspectives will include psychoanalytic theory, Marxism, feminism, New Criticism, reader-response criticism, New Historicism, postmodernist theory, and postcolonial theory. Students will develop greater self-consciousness about critical practice, the ability to ask new and different questions of texts, and the ability to cope with the complex vocabulary of modern criticism.",,,,,CMU-UG-2026-27-COURSE-ENGL-4800,40-Course-Descriptions/ENGL-English.md,official_transcription,pending
2026-27,ENGL,English,ENGL-4940,Independent Study in English,3.0,A study in a specific area of English under the direction of a faculty member.,,,,,CMU-UG-2026-27-COURSE-ENGL-4940,40-Course-Descriptions/ENGL-English.md,official_transcription,pending
2026-27,ENGL,English,ENGL-4950,Topics in English,3.0,"The content of this course will vary from year to year, depending on the needs of students and the interests and availability of instructors.",,,,,CMU-UG-2026-27-COURSE-ENGL-4950,40-Course-Descriptions/ENGL-English.md,official_transcription,pending
2026-27,ENVS,Environmental Studies,ENVS-1030,Introduction to Environmental Studies,3.0,"This course is a study of interactions between humans and the environment: the natural systems and resources upon which human activity depends, the environmental problems that have resulted from human activity, and the efforts being made toward environmental sustainability. Environmental problems such as air and water pollution, climate change, soil degradation and deforestation, energy sustainability, and biodiversity are introduced with an interdisciplinary perspective, using both Canadian and global examples.",,,,,CMU-UG-2026-27-COURSE-ENVS-1030,40-Course-Descriptions/ENVS-Environmental-Studies.md,official_transcription,pending
2026-27,ENVS,Environmental Studies,ENVS-2620,Ecological Peacebuilding,3.0,"This course will explore the role of the ecology in peacebuilding, focusing on relationships between environmental insecurity and conflict, ecological integrity and justice, and on the politics, theory, and skills of ecological peacebuilding. Drawing upon a broad range of historical and contemporary case studies, students will be encouraged to apply these insights as part of the learning process.",PCTS-1110,,,,CMU-UG-2026-27-COURSE-ENVS-2620,40-Course-Descriptions/ENVS-Environmental-Studies.md,official_transcription,pending
2026-27,ENVS,Environmental Studies,ENVS-3010,"Environment, Society, and Resilience",3.0,"The course will help students analyze principles of sustainability, resilience, and complexity associated with energy, matter, and ecosystem functioning, within the context of social values, human technology, and politics. The course seeks to equip students to assess socio-ecological issues including water management, climate change adaptation, agriculture, fisheries, forestry, and extractive industries from an interdisciplinary perspective.",30 credit hours of university-level studies,,,,CMU-UG-2026-27-COURSE-ENVS-3010,40-Course-Descriptions/ENVS-Environmental-Studies.md,official_transcription,pending
2026-27,ENVS,Environmental Studies,ENVS-3521,Study of Simple Living,3.0,"Within international development studies, development is increasingly understood as a participatory, deliberate process aimed at enhancing the quality of life for individuals within social and ecological communities. This course examines the concepts, theories, and practices of simple living as an everyday, ordinary practice for individuals seeking alternatives to consumer values and culture. The course explores the roots of simple living and its modern expressions, with special emphasis on the relevance of simple living for building emotional well-being, vibrant communities, resilient ecological systems, and practices that contribute to social justice in a globalizing world.",30 credit hours of university-level studies,,,,CMU-UG-2026-27-COURSE-ENVS-3521,40-Course-Descriptions/ENVS-Environmental-Studies.md,official_transcription,pending
2026-27,ENVS,Environmental Studies,ENVS-3950,Topics in Environmental Studies,3.0,"The context of this course will vary from year to year, depending on the needs of students and the interests and availability of instructors.",,,,,CMU-UG-2026-27-COURSE-ENVS-3950,40-Course-Descriptions/ENVS-Environmental-Studies.md,official_transcription,pending
2026-27,ENVS,Environmental Studies,ENVS-4000,Thesis in Environmental Studies,6.0,"This course is restricted to students completing the Bachelor of Arts, four-year major in Environmental Studies. Eligible students should refer to the Thesis Writing Procedures in the Academic Policies section of this calendar.",,,,,CMU-UG-2026-27-COURSE-ENVS-4000,40-Course-Descriptions/ENVS-Environmental-Studies.md,official_transcription,pending
2026-27,ENVS,Environmental Studies,ENVS-4940,Independent Study in Environmental Studies,3.0,A study in a specific area of Environmental Studies under the direction of a faculty member.,,,,,CMU-UG-2026-27-COURSE-ENVS-4940,40-Course-Descriptions/ENVS-Environmental-Studies.md,official_transcription,pending
2026-27,GEOG,Geography,GEOG-1000,Introduction to Physical Geography,3.0,"An examination of elements of the physical environment such as weather, climate, hydrology, landforms, soils, vegetation, and the processes producing variations of these elements through time on the surface of the earth. Examples of environmental interrelationships and problems that affect people are emphasized.",,,,,CMU-UG-2026-27-COURSE-GEOG-1000,40-Course-Descriptions/GEOG-Geography.md,official_transcription,pending
2026-27,GEOG,Geography,GEOG-1010,Introduction to Human Geography,3.0,"An examination of aspects of the human world. Topics may include: distribution of human populations, evolution of human societies, behavioural norms or cultures of these societies, and the influence of culture in its various manifestations (language, religion, customs, politics, etc.) on the human landscape including settlement types, forms of agriculture, and travel patterns. Attention is given to environmental and cultural factors involved in the present-day divisions between the “developed” and the “under-developed” worlds.",,,,,CMU-UG-2026-27-COURSE-GEOG-1010,40-Course-Descriptions/GEOG-Geography.md,official_transcription,pending
2026-27,GEOG,Geography,GEOG-1030,Introduction to Environmental Studies,3.0,"This course is a study of interactions between humans and the environment: the natural systems and resources upon which human activity depends, the environmental problems that have resulted from human activity, and the efforts being made toward environmental sustainability. Environmental problems such as air and water pollution, climate change, soil degradation and deforestation, energy sustainability, and biodiversity are introduced with an interdisciplinary perspective, using both Canadian and global examples.",,,,,CMU-UG-2026-27-COURSE-GEOG-1030,40-Course-Descriptions/GEOG-Geography.md,official_transcription,pending
2026-27,GEOG,Geography,GEOG-2010,Introduction to Global Health,3.0,"A survey of global health issues, including infectious and neglected tropical diseases, malnutrition and the nutrition transition, maternal and child health, and environmental health.",30 credit hours of university-level studies. Biology Category: Interdisciplinary Biology,,,,CMU-UG-2026-27-COURSE-GEOG-2010,40-Course-Descriptions/GEOG-Geography.md,official_transcription,pending
2026-27,GEOG,Geography,GEOG-2131,Rural Development,3.0,"This course examines changes to rural society and economy in the South—Africa, Asia, and Latin America— and rural communities in Canada brought about historically by colonialism and more recently through modern development efforts. Discussion highlights the impact of agrarian reform, technological change, and domestic government policies on economic development and social differentiation.","ENVS-1030, GEOG-1010, GEOG-1030, or IDS-1110",,,,CMU-UG-2026-27-COURSE-GEOG-2131,40-Course-Descriptions/GEOG-Geography.md,official_transcription,pending
2026-27,GEOG,Geography,GEOG-2300,Cartography and Geographic Information System,3.0,"In an increasingly dynamic and interconnected world, advances in geospatial technologies have increased the demand for solutions based on spatial information, making it possible to analyze geographic data to support decision-making and solve complex problems in the most diverse areas of knowledge. This course covers the fundamental concepts of cartography and geographic information systems, combining theoretical and practical knowledge for creating, interpreting and analyzing maps and geospatial data.",,,,,CMU-UG-2026-27-COURSE-GEOG-2300,40-Course-Descriptions/GEOG-Geography.md,official_transcription,pending
2026-27,GEOG,Geography,GEOG-2950,Topics in Geography,3.0,"The content of this course will vary from year to year, depending on the needs of students and the interests and availability of instructors.",,,,,CMU-UG-2026-27-COURSE-GEOG-2950,40-Course-Descriptions/GEOG-Geography.md,official_transcription,pending
2026-27,GEOG,Geography,GEOG-3010,"Environment, Society, and Resilience",3.0,"This course will help students analyze principles of sustainability, resilience, and complexity associated with energy, matter, and ecosystem functioning, within the context of social values, human technology, and politics. The course seeks to equip students to assess socio-ecological issues including water management, climate change adaptation, agriculture, fisheries, forestry, and extractive industries from an interdisciplinary perspective.",30 credit hours of university-level studies,,,,CMU-UG-2026-27-COURSE-GEOG-3010,40-Course-Descriptions/GEOG-Geography.md,official_transcription,pending
2026-27,GEOG,Geography,GEOG-3020,Just and Sustainable Food Systems,3.0,"This course explores food system dynamics at multiple scales, from the household to the global, with particular attention to the diversity of worldviews that underpin the current discourses surrounding ecological sustainability, food security, and food justice. The course follows food from the farms and fishing boats, through local and global marketplaces and, finally, to those who eat. Participants will examine models of agriculture, small-scale fisheries, water scarcity, the Asian and African Green Revolutions, corporate concentration in the food system, local and global food markets, community food security, obesity, hunger, food waste, the global food price crisis, energy, and the impacts of climate change.",30 credit hours of university-level studies,,,,CMU-UG-2026-27-COURSE-GEOG-3020,40-Course-Descriptions/GEOG-Geography.md,official_transcription,pending
2026-27,GEOG,Geography,GEOG-3950,Topics in Geography,3.0,"The content of this course will vary from year to year, depending on the needs of students and the interests and availability of instructors.",,,,,CMU-UG-2026-27-COURSE-GEOG-3950,40-Course-Descriptions/GEOG-Geography.md,official_transcription,pending
2026-27,GEOG,Geography,GEOG-4940,Independent Study in Geography,3.0,A study in a specific area of Geography under the direction of a faculty member.,,,,,CMU-UG-2026-27-COURSE-GEOG-4940,40-Course-Descriptions/GEOG-Geography.md,official_transcription,pending
2026-27,HIST,History,HIST-1000,History of the West in Global Context I,3.0,"This course introduces students to the development of western civilization to 1500 CE, paying particular attention to the interrelationships of social, intellectual, political, and economic developments. Through the analysis of selected ideas, issues, texts, and events in different global locations, the course critically examines common understandings of the values and institutions of western civilization.",,,,,CMU-UG-2026-27-COURSE-HIST-1000,40-Course-Descriptions/HIST-History.md,official_transcription,pending
2026-27,HIST,History,HIST-1010,History of the West in Global Context II,3.0,"This course introduces students to the continuing development of western civilization since 1500 CE, paying particular attention to how the relationships of social, intellectual, political, and economic developments among various civilizations have become increasingly enmeshed. Through the analysis of selected ideas, issues, texts, and events in different global locations, the course critically examines common understandings of the values and institutions of western civilization.",,,,,CMU-UG-2026-27-COURSE-HIST-1010,40-Course-Descriptions/HIST-History.md,official_transcription,pending
2026-27,HIST,History,HIST-1020,History in the Making,3.0,"History in the Making is a series of introductory history courses designed to guide students in both historical content on a focused topic and historical practice by historians. Each History in the Making offering has the following three aspects in common: 1. Student engagement with primary sources, 2. Exposure to historiographical development, 3. The course covers a long period of time (centuries) and a broad geographic area (continents).",,,,,CMU-UG-2026-27-COURSE-HIST-1020,40-Course-Descriptions/HIST-History.md,official_transcription,pending
2026-27,HIST,History,HIST-2000,History of Science,6.0,A survey of the development of science from ancient to modern times with emphasis on the concepts of the physical sciences. Not recommended for first year students .,,,,,CMU-UG-2026-27-COURSE-HIST-2000,40-Course-Descriptions/HIST-History.md,official_transcription,pending
2026-27,HIST,History,HIST-2020,History of Colonial Canada,3.0,"A study of the development of Canada from its colonial origins to the completion of national and transcontinental unification. Emphasis is on French Canada, Indian-European cultural contact, regional life and social organization, impact of colonialism, and the creation of a national state. History Category: Canadian History.",,,,,CMU-UG-2026-27-COURSE-HIST-2020,40-Course-Descriptions/HIST-History.md,official_transcription,pending
2026-27,HIST,History,HIST-2030,History of the Canadian Nation since 1867,3.0,"A study of the national development of Canada to the present. Emphasis is placed on French Canada, the regional life and social organization of the country, the impact of continentalism, the development of the economy, and the rise of a national sentiment. History Category: Canadian History.",,,,,CMU-UG-2026-27-COURSE-HIST-2030,40-Course-Descriptions/HIST-History.md,official_transcription,pending
2026-27,HIST,History,HIST-2040,History of Indigenous Peoples of Canada,3.0,"The contemporary cultural resurgence and political organizing of Indigenous peoples invokes new perspectives on Canadian history. This historical survey will explore pre-contact social organization, colonialism and resistance, treaties and land claims, reserves and residential schools as structures of social control, evolving public policy (e.g., Indian Act), Native identities, struggles for self-determination, and the rights of revolution. History Category: Canadian History or North American Indigenous History.",,,,,CMU-UG-2026-27-COURSE-HIST-2040,40-Course-Descriptions/HIST-History.md,official_transcription,pending
2026-27,HIST,History,HIST-2050,Winnipeg: Can Winter be a City?,3.0,"Is Winnipeg so many lines on a map and a perimeter highway? Is it more than its dominant stereotype: Cold? What is Winnipeg? We will contemplate what has made life, work, play, and worship in River City so exciting, daunting, provocative, and unexpected. The course will explore these questions through periods of expansion, decline, war, industrialization, immigration, globalization, and stories told by boosters and detractors. To think about the city we will explore art, disease, neighborhoods, politics, criminals, radicals, reactionaries, preachers, and winter. History Category: Canadian History. HIST-2060 Religion and Conflict in Historical Perspective (3.0 credit hours) This course attends to a range of perspectives that world religions have had toward peace and conflict throughout the ages in various social environments. Students will be introduced to theories and practices related to conflict and nonviolence in such religions as Buddhism, Hinduism, Judaism, Christianity, and Islam. History Category: Religious History.",,,,,CMU-UG-2026-27-COURSE-HIST-2050,40-Course-Descriptions/HIST-History.md,official_transcription,pending
2026-27,HIST,History,HIST-2080,Mennonites in Europe,3.0,"A study of Mennonite social history in Europe from the end of the sixteenth-century Anabaptist reformations to the present. Included in the study are the communities in Western Europe, Poland, Prussia, and Russia. History Category: Mennonite/Anabaptist History.",,,,,CMU-UG-2026-27-COURSE-HIST-2080,40-Course-Descriptions/HIST-History.md,official_transcription,pending
2026-27,HIST,History,HIST-2090,Mennonites in Canada and the United States,3.0,"A study of Mennonite social history in Canada and the United States from the first immigrations in the seventeenth century to the present, with special emphasis on Canada. History Category: Religious History or Mennonite/Anabaptist History.",,,,,CMU-UG-2026-27-COURSE-HIST-2090,40-Course-Descriptions/HIST-History.md,official_transcription,pending
2026-27,HIST,History,HIST-2100,History of the United States from 1607,3.0,"A study of the development of the United States of America from its colonial origins to its emergence, four centuries later, as a global superpower. Attention will be given to political, economic, social, and intellectual developments from Jamestown to 9/11.",,,,,CMU-UG-2026-27-COURSE-HIST-2100,40-Course-Descriptions/HIST-History.md,official_transcription,pending
2026-27,HIST,History,HIST-2110,"The Fifties and Sixties: North America Cold, Cool and Radical",3.0,"An examination of the post-World War II decades of North America in its political, economic, social, and intellectual contexts. Individuals that may be studied include Elvis Presley, Lester Pearson, Ronald Reagan, Tommy Douglas, Martin Luther King Jr., Betty Friedan, Marshall McLuhan, Rachel Carson, Charles Manson, and Pierre Trudeau. Topics may include social revolutions (Quiet Revolution, Civil Rights), politics (Cold War, Great Society, Medicare), body and technology (The Pill, vaccines, organ transplants), youth protest (Beat, Berkeley), and consumer culture. History Category: Canadian History.",,,,,CMU-UG-2026-27-COURSE-HIST-2110,40-Course-Descriptions/HIST-History.md,official_transcription,pending
2026-27,HIST,History,HIST-2510,History of Art and Culture I: Classical to Late Medieval,3.0,"A survey of art history from the Classical era in Egypt, Greece, and Rome to the Late Middle Ages (15 th century) in Western Europe. The course will give attention to the relationship of art and architecture to other facets of social, religious, cultural, and intellectual history. History Category: History Before 1400.",,,,,CMU-UG-2026-27-COURSE-HIST-2510,40-Course-Descriptions/HIST-History.md,official_transcription,pending
2026-27,HIST,History,HIST-2520,History of Art and Culture II: Renaissance to the Present,3.0,"A survey of art history from the Renaissance to present day. The course will give attention to the relationship of art and architecture to other facets of social, religious, cultural, and intellectual history.",,,,,CMU-UG-2026-27-COURSE-HIST-2520,40-Course-Descriptions/HIST-History.md,official_transcription,pending
2026-27,HIST,History,HIST-2550,History of Christianity,3.0,A survey of the historical developments in Christianity from the early church to the present. Attention will be paid to the manner in which Christianity was influenced by its social setting and at the same time stimulated change in its host culture. History Category: Religious History.,,,,,CMU-UG-2026-27-COURSE-HIST-2550,40-Course-Descriptions/HIST-History.md,official_transcription,pending
2026-27,HIST,History,HIST-2570,Anabaptism: From European to Global Reality,3.0,"This course explores the evolving character of Anabaptist identity over a 500-year period. The course will begin by giving attention to sixteenth-century origins in Europe and it will follow the ongoing story of how Anabaptist communities evolved over several centuries before becoming a global reality. The course may give attention to selected issues and themes. For the most part, the accent in this course will be on the Mennonite story. History Category: Mennonite/Anabaptist History.",,,,,CMU-UG-2026-27-COURSE-HIST-2570,40-Course-Descriptions/HIST-History.md,official_transcription,pending
2026-27,HIST,History,HIST-2600,Historians at Work,3.0,"This course focuses on the work of one or two historians, offering a deeper look at what historians do and what history is. It looks at issues like how those historians’ interests and methods shaped their work, how their interests evolved, how they contributed to (or created) their field, and how their work has been used by others. Alternatively, this course may feature a debate in history and look at two or three historians who take different positions in that debate.",,,,,CMU-UG-2026-27-COURSE-HIST-2600,40-Course-Descriptions/HIST-History.md,official_transcription,pending
2026-27,HIST,History,HIST-2610,"Mennonites, Literature, and the Arts: Lessons from the Low Countries",3.0,"It is often thought that Mennonites came to embrace the worlds of literature and the visual arts only very recently, in the second half of the 20th Century. But in 17th Century Amsterdam and the Netherlands, Mennonites were among its most prominent poets, dramatists, and visual artists. By studying the lives and works of these figures, this course explores a part of Mennonite history that is often underappreciated, at least in the North American context. History Category: Mennonite/Anabaptist History.",,,,,CMU-UG-2026-27-COURSE-HIST-2610,40-Course-Descriptions/HIST-History.md,official_transcription,pending
2026-27,HIST,History,HIST-2950,Topics in History,3.0,"The content of this course will vary from year to year, depending on the needs of students and the interests and availability of instructors.",,,,,CMU-UG-2026-27-COURSE-HIST-2950,40-Course-Descriptions/HIST-History.md,official_transcription,pending
2026-27,HIST,History,HIST-3000,Renaissance and Reformation,3.0,"This course traces the cultural, political, and religious developments of the renaissance and reformation period that transformed Europe from a medieval to a modern society.",,,,,CMU-UG-2026-27-COURSE-HIST-3000,40-Course-Descriptions/HIST-History.md,official_transcription,pending
2026-27,HIST,History,HIST-3001,The History of the Book,3.0,"This course examines the book as a material and a conceptual object. It focuses on the development of writing technologies from stone tablets through the paper book and to electronic texts, asking centrally about the material history of the literature we read as well as our ideas about knowledge itself.","30 credit hours of university-level studies, including 6 credit hours of 1000- or 2000-level History",,,,CMU-UG-2026-27-COURSE-HIST-3001,40-Course-Descriptions/HIST-History.md,official_transcription,pending
2026-27,HIST,History,HIST-3010,Topics in Canadian History,3.0,An in-depth lecture/seminar course examining selected topics in Canadian History.,,,,,CMU-UG-2026-27-COURSE-HIST-3010,40-Course-Descriptions/HIST-History.md,official_transcription,pending
2026-27,HIST,History,HIST-3030,Topics in Global History,3.0,"The topic selected may be regionally oriented (e.g., African, Asian, or Latin American) or thematically oriented to include various global regions (e.g., the Atlantic Slave Trade, Globalization, or the Twentieth-Century World).",,,,,CMU-UG-2026-27-COURSE-HIST-3030,40-Course-Descriptions/HIST-History.md,official_transcription,pending
2026-27,HIST,History,HIST-3070,Emergence of a Polycentric World: A History of the Developing World,3.0,"Why are some countries poor and marginalized, while others are rich and powerful? This course examines the historical roots of development and underdevelopment, processes that led to the emergence of the developing world or Third World as a distinctive, though diverse region. The course surveys the phenomena of colonization, trade, manufacturing, and militarization in the three southern continents from the 14th to the 19th century. It investigates the ways in which both external pressures and internal dynamics contributed to development-related continuity and change in these regions.",,,,,CMU-UG-2026-27-COURSE-HIST-3070,40-Course-Descriptions/HIST-History.md,official_transcription,pending
2026-27,HIST,History,HIST-3080,"Imperialism and Industrialization, Decolonization and Development: A History of the Developing World",3.0,"Why are some countries poor and marginalized, while others are rich and powerful? This course examines the historical roots of development and underdevelopment, processes that led to the emergence of the developing world or Third World as a distinctive, though diverse region. The course surveys the phenomena of colonization, trade, industrialization, and militarization in the three southern continents from the 19th through the 21st century. It investigates the ways in which both external pressures and internal dynamics contributed to development-related continuity and change in these regions.",,,,,CMU-UG-2026-27-COURSE-HIST-3080,40-Course-Descriptions/HIST-History.md,official_transcription,pending
2026-27,HIST,History,HIST-3100,Religion in Canadian History,3.0,"A lecture/seminar course surveying religious thought and practice from the fifteenth century to the present. Topics include the Canadian religious context at European Contact, spread and institutionalization of Canadian Christianity, and the rise and implications of religious pluralism.",,,,,CMU-UG-2026-27-COURSE-HIST-3100,40-Course-Descriptions/HIST-History.md,official_transcription,pending
2026-27,HIST,History,HIST-3270,History of Rock Music,3.0,"This course explores the lives of artists and changing musical trends in rock music history, beginning with the origins of rock music in genres including blues, Country and Western, and gospel, and continuing through several differing streams of music that fall under the umbrella of ""rock"" at the end of the twentieth century. In addition to practicing close listening, students will focus on primary sources as a means to critically examining the social and political process of history-making.",,,,,CMU-UG-2026-27-COURSE-HIST-3270,40-Course-Descriptions/HIST-History.md,official_transcription,pending
2026-27,HIST,History,HIST-3280,History of Gospel Music,3.0,"This critical cultural history of gospel music from the United States and around the world engages the Black experience as a central part of this music's history. Using primary and secondary materials, this class investigates the historical, religious, political, cultural, and social context of the musical worlds in which these artists and audiences lived. Students will engage in close listening practices to musical examples from across the globe.",,,,,CMU-UG-2026-27-COURSE-HIST-3280,40-Course-Descriptions/HIST-History.md,official_transcription,pending
2026-27,HIST,History,HIST-3300,History of Globalization,3.0,"What is globalization? What causes it? Is it new? How has it involved people and places in different parts of the world? Can it be reversed? This course explores these and other questions about globalization present and past, focusing on what history contributes to our understanding of globalization.","30 credit hours of university-level study, including 3 credit hours in History. History Category: History outside Canada, United States, or Western Europe",,,,CMU-UG-2026-27-COURSE-HIST-3300,40-Course-Descriptions/HIST-History.md,official_transcription,pending
2026-27,HIST,History,HIST-3400,Trans-Atlantic Conservatism,3.0,"People encounter conservativism mostly as an electoral choice among political parties. What is conservatism? Through an examination of texts on politics, morality, religious faith, aesthetics, art, community formation, as well as selected ghost stories, short stories, and poems, the classic conservative tension between tradition and change will be explored as a multifaceted disposition towards the human experience. Part of this exploration is of conservatism shaped and reshaped in the crucible of politics.",,,,,CMU-UG-2026-27-COURSE-HIST-3400,40-Course-Descriptions/HIST-History.md,official_transcription,pending
2026-27,HIST,History,HIST-3550,Trans-Atlantic Evangelicalism,3.0,"In 1647 George Fox spoke of “an inward transformation of heart.” In 1738 Charles Wesley “felt my heart strangely warmed;” and in 1921, Aimee Semple McPherson heard a sermon that, “seemed to pierce like an arrow through my heart.” From hearts so touched and divine warmth came many active in their faith, communities, and in such causes as abolitionism and temperance. Evangelicalism also engaged the mind where science, theology, arts, and culture were explored seriously. In this course we will explore evangelicalism in an international context over the past three centuries and how in its diversity it engaged culture, society, the church, and the individual through the heart and mind.","30 credit hours of university-level studies, including 6 credit hours of 1000- or 2000-level History. History Category: Religious History",,,,CMU-UG-2026-27-COURSE-HIST-3550,40-Course-Descriptions/HIST-History.md,official_transcription,pending
2026-27,HIST,History,HIST-3950,Topics in History,3.0,"The context of this course will vary from year to year, depending on the needs of students and the interests and availability of instructors.",,,,,CMU-UG-2026-27-COURSE-HIST-3950,40-Course-Descriptions/HIST-History.md,official_transcription,pending
2026-27,HIST,History,HIST-4180,Jews and Christians in Greco-Roman Society,3.0,"This course will study the development of Jewish and Christian self-definition during the formative years of the new community of Christians in the Greco-Roman world. The investigation will focus on Jewish religious and social life in the second temple period, the pre-Pauline Jewish Christian community, Paul and the launching of the Gentile world mission, the development of Christologies in the new communities, and the forces that separated the Christian and Jewish communities.","60 credit hours of university-level studies, including 9 credit hours in Biblical and Theological Studies. History Category: Religious History",,,"the cross-listed course BTS-4180. HIST-4200 Theory and Methods of History ( 3.0 credit hours) In this seminar, we will theorize history and historicize theory—even the most anti-historical theories. The course will examine such modern canonical writers as Hegel, Marx, and Collingwood. As well, we will survey such developments in theory and criticism as structuralism, post-colonialism, and explore debates on history and memory as found in museums and popular cultures. Students will be engaged in practical applications of historical methodologies discussed in class",CMU-UG-2026-27-COURSE-HIST-4180,40-Course-Descriptions/HIST-History.md,official_transcription,pending
2026-27,HIST,History,HIST-4780,Continuity and Change in Anabaptism,3.0,This course explores the dynamic and evolving character of Anabaptist identity over a 500-year period and considers various contemporary issues and challenges facing the tradition in the midst of ever-changing intercultural and global realities.,60 credit hours of university-level studies. History Category: Mennonite/Anabaptist History,,,,CMU-UG-2026-27-COURSE-HIST-4780,40-Course-Descriptions/HIST-History.md,official_transcription,pending
2026-27,HIST,History,HIST-4940,Independent Study in History,3.0,A study in a specific area of History under the direction of a faculty member.,,,,,CMU-UG-2026-27-COURSE-HIST-4940,40-Course-Descriptions/HIST-History.md,official_transcription,pending
2026-27,HIST,History,HIST-4950,Topics in History,3.0,"The content of this course will vary from year to year, depending on the needs of students and the interests and availability of instructors.",,,,,CMU-UG-2026-27-COURSE-HIST-4950,40-Course-Descriptions/HIST-History.md,official_transcription,pending
2026-27,INDS,Indigenous Studies,INDS-1050,Indigenous Peoples of Canada,3.0,"An overview of Indigenous societies in Manitoba and Canada, linking processes of the past with contemporary Indigenous life and issues. The course covers topics such as stages of colonization, pre- and post-contact periods, Indigenous kinship systems, the fur trade, the treaties, the Indian Act, residential schools, Métis nationhood and land issues, the Federal White Paper Policy (1969), Bill C-31 (1985), Indigenous rights, Indigenous land claims, Indigenous economic development, Indigenous urbanization, and Indigenous gender issues.",,,,,CMU-UG-2026-27-COURSE-INDS-1050,40-Course-Descriptions/INDS-Indigenous-Studies.md,official_transcription,pending
2026-27,INDS,Indigenous Studies,INDS-2040,History of Indigenous Peoples of Canada,3.0,"The contemporary cultural resurgence and political organizing of Indigenous peoples invokes new perspectives on Canadian history. This historical survey will explore pre-contact social organization, colonialism and resistance, treaties and land claims, reserves and residential schools as structures of social control, evolving public policy (e.g., Indian Act), Native identities, struggles for self-determination, and the rights of revolution.",,,,,CMU-UG-2026-27-COURSE-INDS-2040,40-Course-Descriptions/INDS-Indigenous-Studies.md,official_transcription,pending
2026-27,INDS,Indigenous Studies,INDS-3110,Indigenous Education in Manitoba,3.0,"This course introduces the historical, social, cultural, political, and ethical contexts that have shaped approaches to Indigenous (First Nations, Métis, and Inuit) education in Manitoba. Students will encounter Indigenous perspectives on education and how Indigenous ways of understanding cultures, languages, and histories can be centered in contemporary curriculum. Topics vary, but will include traditional worldviews and philosophies, colonization and decolonization in education, policies related to Indigenous education, Treaties in Canada, residential schools, Indigenous self-determination, Manitoba Indigenous curricula. Open to non-Education students.",45 credit hours of university-level study or admission to the Education program,,,,CMU-UG-2026-27-COURSE-INDS-3110,40-Course-Descriptions/INDS-Indigenous-Studies.md,official_transcription,pending
2026-27,INTD,Interdisciplinary Studies,INTD-1000,Ways of Knowing I,3.0,"This course introduces students to the university by getting them involved in asking a big question alongside other students and professors from many subject areas. It includes seminars, round table discussions, a few big lectures, and fieldtrips, all in order to do the things the university does best: taking the time to think about real problems, from multiple expert viewpoints (or ways of knowing), and to develop their own ideas.",,,,,CMU-UG-2026-27-COURSE-INTD-1000,40-Course-Descriptions/INTD-Interdisciplinary-Studies.md,official_transcription,pending
2026-27,IDS,International Development Studies,IDS-1110,Introduction to International Development Studies,3.0,"This course will survey critical development issues, including understandings and definitions of poverty and sustainable development, broad development theories from modernization to post-development, the historical context of decolonization, and the roles of key local, national, and international development actors. It will focus primarily on countries of the global South—Africa, Asia, and Latin America—but also examine how Canada participates in local, national, and global dynamics of development and underdevelopment.",,,,,CMU-UG-2026-27-COURSE-IDS-1110,40-Course-Descriptions/IDS-International-Development-Studies.md,official_transcription,pending
2026-27,IDS,International Development Studies,IDS-2000,The Project Cycle,3.0,"Time-limited projects remain an important way in which development and other social change assistance are delivered by non-profit agencies. The course will introduce the elements and practices of the project cycle, from identification and planning, through monitoring and evaluation of project implementation, including key issues in the project cycle, such as logical frameworks, managing for results, participatory planning and evaluation, appreciative approaches, and capacity building.",BUSI-1000 or IDS-1110,,,,CMU-UG-2026-27-COURSE-IDS-2000,40-Course-Descriptions/IDS-International-Development-Studies.md,official_transcription,pending
2026-27,IDS,International Development Studies,IDS-2010,Introduction to Global Health,3.0,"A survey of global health issues, including infectious and neglected tropical diseases, malnutrition and the nutrition transition, maternal and child health, and environmental health.",30 credit hours of university-level studies. Biology Category: Interdisciplinary Biology,,,,CMU-UG-2026-27-COURSE-IDS-2010,40-Course-Descriptions/IDS-International-Development-Studies.md,official_transcription,pending
2026-27,IDS,International Development Studies,IDS-2011,Economics of Development,3.0,"This course introduces neoclassical and alternative economic theories relevant to understanding various aspects of development: (i) national aspects, including theories of growth, inequality, labour, and the role of the state; (ii) international aspects, including theories of finance, international financial institutions, trade and globalization; and (iii) sub-national aspects of development, including theories of growth linkages, micro-credit, and community economic development.",IDS-1110 or both ECON-1000 and ECON-1010,,,,CMU-UG-2026-27-COURSE-IDS-2011,40-Course-Descriptions/IDS-International-Development-Studies.md,official_transcription,pending
2026-27,IDS,International Development Studies,IDS-2040,Global Issues,3.0,"Many countries around the globe face a similar set of issues as they relate to indigenous peoples, economic development, religious change, justice and peace, migration, and the environment. These issues take a specific form in Guatemala, a country that has been shaped by a 36-year-long war. This course will examine the following issues through the lens of the Guatemalan context: environment, Mayan culture and spirituality, war and peace, and migration.","24 credit hours of university-level studies, including 3 credit hours of introductory social sciences. This course is available only through CMU’s study abroad programs, Guatemala sites only",,,,CMU-UG-2026-27-COURSE-IDS-2040,40-Course-Descriptions/IDS-International-Development-Studies.md,official_transcription,pending
2026-27,IDS,International Development Studies,IDS-2110,Participatory Local Development,3.0,"The failure of large-scale development efforts to eradicate poverty in the South—Asia, Africa, and Latin America—and developing communities in Canada has led to a search for alternative participatory, community development projects. This course examines historic efforts at participatory development, including community development and co-operative formation, and then considers the attention given to non-governmental organizations and grassroots movements today.",,,,,CMU-UG-2026-27-COURSE-IDS-2110,40-Course-Descriptions/IDS-International-Development-Studies.md,official_transcription,pending
2026-27,IDS,International Development Studies,IDS-2131,Rural Development,3.0,"This course examines changes to rural society and economy in the South—Africa, Asia, and Latin America—and rural communities in Canada brought about historically by colonialism and more recently through modern development efforts. Discussion highlights the impact of agrarian reform, technological change, and domestic government policies on economic development and social differentiation.","ENVS-1030, GEOG-1010, GEOG-1030, or IDS -1110",,,,CMU-UG-2026-27-COURSE-IDS-2131,40-Course-Descriptions/IDS-International-Development-Studies.md,official_transcription,pending
2026-27,IDS,International Development Studies,IDS-2171,"Crisis, Humanitarian Aid, and Disaster Recovery",3.0,"Today, crises threaten global human security as never before. These crises are caused by a complex mix of natural hazards (such as floods, earthquakes, or droughts) and human action or inaction. This course will explore how humanitarian assistance and disaster recovery efforts can best promote resilience by reducing vulnerability and disaster risk. Community and organizational responses to humanitarian crises will be examined, emphasizing efforts to improve aid quality and accountability.",,,,,CMU-UG-2026-27-COURSE-IDS-2171,40-Course-Descriptions/IDS-International-Development-Studies.md,official_transcription,pending
2026-27,IDS,International Development Studies,IDS-2420,Ecological Economics,3.0,"Ecological economics is not merely the study of economics, but a broad, non-technical, and transdisciplinary study of the relationship between humans and the biosphere. Using a long view of history, this course incorporates ideas from across the social and natural sciences to enrich and challenge traditional economic concepts. Topics include the co-evolution of political, economic, and energy systems, the origins of money and inequality, the present scale of ecological decline (including, but not limited to climate change), proposed solutions and barriers to their implementation.",30 credit hours of university-level studies,,,,CMU-UG-2026-27-COURSE-IDS-2420,40-Course-Descriptions/IDS-International-Development-Studies.md,official_transcription,pending
2026-27,IDS,International Development Studies,IDS-2443,Conflict and Development Issues in Indigenous Communities,3.0,"Within the broad framework of international development and conflict transformation studies, this course explores the dynamics of Indigenous communities globally, with special reference to the Canadian context. Processes of marginalization and underdevelopment will be presented in order to understand Indigenous communities’ social, economic and political situation.",IDS-1110 or PCTS-1110,,,,CMU-UG-2026-27-COURSE-IDS-2443,40-Course-Descriptions/IDS-International-Development-Studies.md,official_transcription,pending
2026-27,IDS,International Development Studies,IDS-2950,Topics in International Development Studies,3.0,"The content of this course will vary from year to year, depending on the needs of students and the interests and availability of instructors.",,,,,CMU-UG-2026-27-COURSE-IDS-2950,40-Course-Descriptions/IDS-International-Development-Studies.md,official_transcription,pending
2026-27,IDS,International Development Studies,IDS-3010,"Environment, Society, and Resilience",3.0,"The course will help students analyze principles of sustainability, resilience, and complexity associated with energy, matter, and ecosystem functioning, within the context of social values, human technology, and politics. The course seeks to equip students to assess socio-ecological issues including water management, climate change adaptation, agriculture, fisheries, forestry, and extractive industries from an interdisciplinary perspective.",30 credit hours of university-level studies,,,,CMU-UG-2026-27-COURSE-IDS-3010,40-Course-Descriptions/IDS-International-Development-Studies.md,official_transcription,pending
2026-27,IDS,International Development Studies,IDS-3020,Just and Sustainable Food Systems,3.0,"This course explores food system dynamics at multiple scales, from the household to the global, with particular attention to the diversity of worldviews that underpin the current discourses surrounding ecological sustainability, food security, and food justice. The course follows food from the farms and fishing boats, through local and global marketplaces and, finally, to those who eat. Participants will examine models of agriculture, small-scale fisheries, water scarcity, the Asian and African Green Revolutions, corporate concentration in the food system, local and global food markets, community food security, obesity, hunger, food waste, the global food price crisis, energy, and the impacts of climate change.",30 credit hours of university-level studies,,,,CMU-UG-2026-27-COURSE-IDS-3020,40-Course-Descriptions/IDS-International-Development-Studies.md,official_transcription,pending
2026-27,IDS,International Development Studies,IDS-3111,An Analysis of Development Aid Policy,3.0,"This course explores ideology, debates, policies, and program of macro development agencies. The course begins with an examination of the ideology of neoliberalism and the policies of structural adjustment and considers how these affect the South. This is followed by an analysis of the principal actors of macro development and an examination of important issues within the donor community, e.g., poverty and gender imbalance, economic growth, and environmental degradation.",,,,,CMU-UG-2026-27-COURSE-IDS-3111,40-Course-Descriptions/IDS-International-Development-Studies.md,official_transcription,pending
2026-27,IDS,International Development Studies,IDS-3300,History of Globalization,3.0,"What is globalization? What causes it? Is it new? How has it involved people and places in different parts of the world? Can it be reversed? This course explores these and other questions about globalization present and past, focusing on what history contributes to our understanding of globalization.","30 credit hours of university-level study, including 3 credit hours in International Development Studies",,,,CMU-UG-2026-27-COURSE-IDS-3300,40-Course-Descriptions/IDS-International-Development-Studies.md,official_transcription,pending
2026-27,IDS,International Development Studies,IDS-3521,Study of Simple Living,3.0,"Within International Development Studies, development is increasingly understood as a participatory, deliberate process aimed at enhancing the quality of life for individuals within social and ecological communities. This course examines the concepts, theories, and practices of simple living as an everyday, ordinary practice for individuals seeking alternatives to consumer values and culture. The course explores the roots of simple living and its modern expressions, with special emphasis on the relevance of simple living for building emotional well-being, vibrant communities, resilient ecological systems, and practices that contribute to social justice in a globalizing world.",30 credit hours of university-level studies,,,,CMU-UG-2026-27-COURSE-IDS-3521,40-Course-Descriptions/IDS-International-Development-Studies.md,official_transcription,pending
2026-27,IDS,International Development Studies,IDS-3950,Topics in International Development Studies,3.0,"The content of this course will vary from year to year, depending on the needs of students and the interests and availability of instructors.",,,,,CMU-UG-2026-27-COURSE-IDS-3950,40-Course-Descriptions/IDS-International-Development-Studies.md,official_transcription,pending
2026-27,IDS,International Development Studies,IDS-4000,Thesis in International Development Studies,6.0,"This course is restricted to students completing the Bachelor of Arts, four-year major in International Development Studies. Eligible students should refer to the Thesis Writing Procedures in the Academic Policies section of this calendar.",,,,,CMU-UG-2026-27-COURSE-IDS-4000,40-Course-Descriptions/IDS-International-Development-Studies.md,official_transcription,pending
2026-27,IDS,International Development Studies,IDS-4050,Development Theory for Practice,3.0,"This seminar takes an interdisciplinary approach to the study of theories that have shaped the practice of development. It examines trends in development theory, types of theory that are useful to development practitioners, and the processes through which selected theories were adapted for use by development organizations. This seminar focuses on the use of development-related theory in non-profit organizations and, secondarily, in multilateral organizations. Prerequisite (s): 60 credit hours of university-level studies, including IDS-1110.",,,,,CMU-UG-2026-27-COURSE-IDS-4050,40-Course-Descriptions/IDS-International-Development-Studies.md,official_transcription,pending
2026-27,IDS,International Development Studies,IDS-4100,Senior Seminar in Social Change,3.0,"In this capstone seminar, students review and compare inter-disciplinary and discipline-based approaches to social change, including issues in peacebuilding and conflict transformation, social and economic development, environmental sustainability, and democratization and social movements. Using a seminar format, students will examine contending theories of social change, and address questions of power, interpretation, ethics, commitments, and virtues in understanding and working for social change. These examinations will allow students to explore ways of integrating theories and practices and articulate their own understanding and ethics of social change.","60 credit hours of university level studies, including 18 credit hours in GEOG, IDS, PCTS, POLS, PSYC, or SOCI. It is recommended that the Work-Integrated Learning (WIL) requirement be completed prior to taking this course",,,,CMU-UG-2026-27-COURSE-IDS-4100,40-Course-Descriptions/IDS-International-Development-Studies.md,official_transcription,pending
2026-27,IDS,International Development Studies,IDS-4130,Mennonite Community and Development,3.0,Students are challenged to analyze the Mennonite experience in service and peace work. The objective is to highlight values and techniques that distinguish a unique approach. Speakers and literature describing the work of the Mennonite Central Committee and Mennonite Economic Development Agency and of ecumenical groups such as the Canadian Foodgrains Bank provide examples for reflection and analysis.,,,,,CMU-UG-2026-27-COURSE-IDS-4130,40-Course-Descriptions/IDS-International-Development-Studies.md,official_transcription,pending
2026-27,IDS,International Development Studies,IDS-4140,Religion and Development,3.0,"This course will examine the links between religion and development, both philosophically and empirically. It will provide an analysis of particular Christian, Islamic, and Buddhist understandings and approaches to development, as well as several other faith-based approaches, depending on student interests. It will examine the role and ethics of faith-based NGOs in development assistance and investigate how development agents can design interventions that appropriately relate to the religious belief systems that underlie local knowledge in such areas as agriculture, health, and social organization.",,,,,CMU-UG-2026-27-COURSE-IDS-4140,40-Course-Descriptions/IDS-International-Development-Studies.md,official_transcription,pending
2026-27,IDS,International Development Studies,IDS-4920,Program Planning in Development and Conflict Resolution,3.0,"Program planning is a critical first step in most interventions by development and conflict resolution organizations. This course covers blueprint planning required for preparation of funding proposals and various forms of strategic and participatory planning required for the application of results-based management and learning approaches during program implementation. Current debates regarding approaches to planning are also reviewed. Students acquire skills necessary for conceptualizing and implementing international or domestic projects undertaken by non-governmental organizations: needs assessment, goal and purpose identification, formulation of logframe, work plan and budget, and preparation of a funding proposal.","30 credit hours of university-level studies, including IDS-1110 or PCTS-1110",,,,CMU-UG-2026-27-COURSE-IDS-4920,40-Course-Descriptions/IDS-International-Development-Studies.md,official_transcription,pending
2026-27,IDS,International Development Studies,IDS-4940,Independent Study in International Development Studies,3.0,A study in a specific area of IDS under the direction of a faculty member.,,,,,CMU-UG-2026-27-COURSE-IDS-4940,40-Course-Descriptions/IDS-International-Development-Studies.md,official_transcription,pending
2026-27,IDS,International Development Studies,IDS-4950,Topics in International Development Studies,3.0,"The content of this course will vary from year to year, depending on the needs of students and the interests and availability of instructors.",,,,,CMU-UG-2026-27-COURSE-IDS-4950,40-Course-Descriptions/IDS-International-Development-Studies.md,official_transcription,pending
2026-27,LANG,Languages,LANG-1010,Beginning French I,3.0,A study of the fundamental structures of French with oral and written practice.,,,,,CMU-UG-2026-27-COURSE-LANG-1010,40-Course-Descriptions/LANG-Languages.md,official_transcription,pending
2026-27,LANG,Languages,LANG-1020,Beginning French II,3.0,A continuation of the study of the fundamental structures of French with oral and written practice.,LANG-1010. May be offered with,,,,CMU-UG-2026-27-COURSE-LANG-1020,40-Course-Descriptions/LANG-Languages.md,official_transcription,pending
2026-27,LANG,Languages,LANG-1110,Beginning German I,3.0,"A study of the fundamental structures of German with oral and written practice. For students with no prior knowledge of German, or who have studied German up to and including Grade 11 or its equivalent. Students with Grade 12 German or its equivalent may not normally take this course for credit.",,,,,CMU-UG-2026-27-COURSE-LANG-1110,40-Course-Descriptions/LANG-Languages.md,official_transcription,pending
2026-27,LANG,Languages,LANG-1120,Beginning German II,3.0,A continuation of the study of the fundamental structures of German with oral and written practice.,,,,,CMU-UG-2026-27-COURSE-LANG-1120,40-Course-Descriptions/LANG-Languages.md,official_transcription,pending
2026-27,LANG,Languages,LANG-1210,Beginning Spanish I,3.0,"A study of the fundamental structures of Spanish with oral and written practice. For students with no prior knowledge of Spanish, or who have studied Spanish up to and including Grade 11 or its equivalent. Students with Grade 12 Spanish or its equivalent may not normally take this course for credit .",,,,,CMU-UG-2026-27-COURSE-LANG-1210,40-Course-Descriptions/LANG-Languages.md,official_transcription,pending
2026-27,LANG,Languages,LANG-1211,Beginning Spanish I,3.0,"A study of the fundamental structures of Spanish with oral and written practice. This course is available only through CMU’s study abroad programs, Guatemala sites only. For students with no prior knowledge of Spanish, or who have studied Spanish up to and including Grade 11 or its equivalent. Students with Grade 12 Spanish or its equivalent may not normally take this course for credit.",,,,,CMU-UG-2026-27-COURSE-LANG-1211,40-Course-Descriptions/LANG-Languages.md,official_transcription,pending
2026-27,LANG,Languages,LANG-1220,Beginning Spanish II,3.0,A continuation of the study of the fundamental structures of Spanish with oral and written practice.,LANG-1210,,,,CMU-UG-2026-27-COURSE-LANG-1220,40-Course-Descriptions/LANG-Languages.md,official_transcription,pending
2026-27,LANG,Languages,LANG-1221,Beginning Spanish II,3.0,"A continuation of the study of the fundamental structures of Spanish with oral and written practice. This course is available only through CMU’s study abroad programs, Guatemala sites only.",LANG-1211,,,,CMU-UG-2026-27-COURSE-LANG-1221,40-Course-Descriptions/LANG-Languages.md,official_transcription,pending
2026-27,LANG,Languages,LANG-2010,Intermediate French I,3.0,"Language study and practice in the classroom and language laboratory, and readings in French and French-Canadian culture.",,,,,CMU-UG-2026-27-COURSE-LANG-2010,40-Course-Descriptions/LANG-Languages.md,official_transcription,pending
2026-27,LANG,Languages,LANG-2020,Intermediate French II,3.0,"A continuation of language study and practice in the classroom and language laboratory, and readings in French and French-Canadian culture.",,,,,CMU-UG-2026-27-COURSE-LANG-2020,40-Course-Descriptions/LANG-Languages.md,official_transcription,pending
2026-27,LANG,Languages,LANG-2110,Intermediate German I,3.0,"Language study and practice in the classroom and language laboratory, and readings in German culture.",,,,,CMU-UG-2026-27-COURSE-LANG-2110,40-Course-Descriptions/LANG-Languages.md,official_transcription,pending
2026-27,LANG,Languages,LANG-2120,Intermediate German II,3.0,"A continuation of language study and practice in the classroom and language laboratory, and readings in German culture.",,,,,CMU-UG-2026-27-COURSE-LANG-2120,40-Course-Descriptions/LANG-Languages.md,official_transcription,pending
2026-27,LANG,Languages,LANG-2210,Intermediate Spanish I,3.0,"Language study and practice in the classroom and language laboratory, and readings in Spanish culture.",,,,,CMU-UG-2026-27-COURSE-LANG-2210,40-Course-Descriptions/LANG-Languages.md,official_transcription,pending
2026-27,LANG,Languages,LANG-2211,Intermediate Spanish I,3.0,"Language study and practice in the classroom and language laboratory, and readings in Spanish culture. This course is available only through CMU’s study abroad programs, Guatemala sites only.","Grade 12 Spanish, LANG-1220, or LANG-1221",,,,CMU-UG-2026-27-COURSE-LANG-2211,40-Course-Descriptions/LANG-Languages.md,official_transcription,pending
2026-27,LANG,Languages,LANG-2220,Intermediate Spanish II,3.0,"A continuation of language study and practice in the classroom and language laboratory, and readings in Spanish culture.",,,,,CMU-UG-2026-27-COURSE-LANG-2220,40-Course-Descriptions/LANG-Languages.md,official_transcription,pending
2026-27,LANG,Languages,LANG-2221,Intermediate Spanish II,3.0,"A continuation of language study and practice in the classroom and language laboratory, and readings in Spanish culture. This course is available only through CMU’s study abroad programs, Guatemala sites only.",LANG-2210,,,,CMU-UG-2026-27-COURSE-LANG-2221,40-Course-Descriptions/LANG-Languages.md,official_transcription,pending
2026-27,LANG,Languages,LANG-2310,Elementary Biblical Hebrew I,3.0,This course will introduce students to the fundamentals of biblical Hebrew grammar and vocabulary. Selected prose texts in the Hebrew Bible will be read and translated.,,,,,CMU-UG-2026-27-COURSE-LANG-2310,40-Course-Descriptions/LANG-Languages.md,official_transcription,pending
2026-27,LANG,Languages,LANG-2320,Elementary Biblical Hebrew II,3.0,A continuation of the fundamentals of biblical Hebrew grammar and vocabulary. Selected prose texts in the Hebrew Bible will be read and translated.,,,,,CMU-UG-2026-27-COURSE-LANG-2320,40-Course-Descriptions/LANG-Languages.md,official_transcription,pending
2026-27,LANG,Languages,LANG-2410,Elementary Biblical Greek I,3.0,This course will introduce students to the fundamentals of Koine Greek grammar and vocabulary. Selected prose texts in the New Testament will be read and translated.,,,,,CMU-UG-2026-27-COURSE-LANG-2410,40-Course-Descriptions/LANG-Languages.md,official_transcription,pending
2026-27,LANG,Languages,LANG-2420,Elementary Biblical Greek II,3.0,A continuation of the fundamentals of Koine Greek grammar and vocabulary. Selected prose texts in the New Testament will be read and translated.,BTS-2410 or LANG-2410,,,,CMU-UG-2026-27-COURSE-LANG-2420,40-Course-Descriptions/LANG-Languages.md,official_transcription,pending
2026-27,MATH,Mathematics,MATH-0900,Pre-Calculus Mathematics,0.0,". This course covers the mathematical skills required to study calculus. Topics include linear, quadratic, polynomial, and rational functions; power and root functions; trigonometry; exponential and logarithmic functions. This non-credit course is for students who need to upgrade their high school mathematical skills.",,,,,CMU-UG-2026-27-COURSE-MATH-0900,40-Course-Descriptions/MATH-Mathematics.md,official_transcription,pending
2026-27,MATH,Mathematics,MATH-1000,Basic Statistical Analysis,3.0,"An introduction to the basic principles of statistics and procedures used for data analysis. Topics to be covered include gathering data, displaying and summarizing data, examining relationships between variables, sampling distributions, estimation and significance tests, inference for means, and applications for specific disciplines.",,MATH-1000L (lab). A lab fee will be applied,,,CMU-UG-2026-27-COURSE-MATH-1000,40-Course-Descriptions/MATH-Mathematics.md,official_transcription,pending
2026-27,MATH,Mathematics,MATH-1020,Introduction to Calculus,3.0,"Theory and techniques of limits, derivatives, antiderivatives, and differential equations, with applications to optimization, rates of change, area, volume, physics, and biology .",a minimum grade of 60% in Pre-Calculus Mathematics 40S or MATH-0900,,,,CMU-UG-2026-27-COURSE-MATH-1020,40-Course-Descriptions/MATH-Mathematics.md,official_transcription,pending
2026-27,MATH,Mathematics,MATH-1030,Calculus II,3.0,"Theory and techniques of integration, sequences, series, Taylor series, parametric and polar curves, with applications to area, volume, arc length, surface area, physics, and biology.",A minimum grade of C in MATH-1020,,,,CMU-UG-2026-27-COURSE-MATH-1030,40-Course-Descriptions/MATH-Mathematics.md,official_transcription,pending
2026-27,MATH,Mathematics,MATH-1040,Elements of Discrete Mathematics,3.0,"An introduction to elements of discrete mathematics. Topics include formal logic, proof techniques, basic set theory, relations and functions, sequences, algorithms, modular arithmetic, number theory, mathematical induction, basic counting, graphs, and trees.",a minimum grade of 60% in Pre-Calculus Mathematics 40S or MATH-0900,"MATH-1040L (lab). A lab fee will be applied. This is a terminal course and is not designed for students who want to pursue courses at the 2000-level or higher in Mathematics, Computer Science, Engineering, or Sciences",,,CMU-UG-2026-27-COURSE-MATH-1040,40-Course-Descriptions/MATH-Mathematics.md,official_transcription,pending
2026-27,MATH,Mathematics,MATH-1050,The Art of Mathematical Thinking,3.0,"Maths are creative, powerful, and yes—even artistic! Learn to think more effectively as you encounter the beauty of mathematical ideas such as the Fibonacci sequence (numbers), Hilbert’s hotel (infinity), the fourth dimension (geometry), Celtic knots (topology), the Mandelbrot set (fractals), the Monty Hall problem (probability), and resource allocation (decision theory). A mathematics background is not assumed. Cannot be used within a Mathematics major or minor.",,,,,CMU-UG-2026-27-COURSE-MATH-1050,40-Course-Descriptions/MATH-Mathematics.md,official_transcription,pending
2026-27,MATH,Mathematics,MATH-2000,Discrete Mathematics,3.0,"An introduction to the mathematics of discrete objects. Topics include formal logic, proof techniques, basic set theory, Boolean algebras, relations and functions, sequences, algorithms, modular arithmetic, number theory, mathematical induction, basic counting, partial orders, graphs and trees.",a minimum grade of 60% in Pre-Calculus Mathematics 40S or MATH-0900,"MATH-2000L (lab). A lab fee will be applied. This course is designed for students who want to pursue courses at the 2000-level or higher in Mathematics, Computer Science, Engineering, or Sciences",,,CMU-UG-2026-27-COURSE-MATH-2000,40-Course-Descriptions/MATH-Mathematics.md,official_transcription,pending
2026-27,MATH,Mathematics,MATH-2005,Vector Geometry and Linear Algebra,3.0,"An introduction to vectors, matrices, systems of linear equations, and three-dimensional geometry.",a minimum grade of 60% in Pre-Calculus Mathematics 40S or MATH-0900,,,,CMU-UG-2026-27-COURSE-MATH-2005,40-Course-Descriptions/MATH-Mathematics.md,official_transcription,pending
2026-27,MATH,Mathematics,MATH-2010,Linear Algebra 2,3.0,A continuation of MATH-2005. Finite dimensional vector spaces; linear transformation and matrices; eigenvalues and eigenvectors; diagonalization and applications; inner product spaces.,,,,,CMU-UG-2026-27-COURSE-MATH-2010,40-Course-Descriptions/MATH-Mathematics.md,official_transcription,pending
2026-27,MATH,Mathematics,MATH-2011,Electromagnetic Field Theory,3.0,"An introduction to the theory of electromagnetism. Topics to be covered include the electric field, electric potential, Gauss' law, capacitors, dielectric materials, magnetic fields, Ampere's law, magnetic induction, magnetic materials, displacement current, and Maxwell's equations.",a minimum grade of C in both MATH-1030 and PHYS-1010,,,,CMU-UG-2026-27-COURSE-MATH-2011,40-Course-Descriptions/MATH-Mathematics.md,official_transcription,pending
2026-27,MATH,Mathematics,MATH-2020,Intermediate Calculus: Multivariable,3.0,Calculus of several variables.,,,,,CMU-UG-2026-27-COURSE-MATH-2020,40-Course-Descriptions/MATH-Mathematics.md,official_transcription,pending
2026-27,MATH,Mathematics,MATH-2030,Intermediate Calculus: Sequences and Series,3.0,"Introductory analysis, sequences, and series.",,,,,CMU-UG-2026-27-COURSE-MATH-2030,40-Course-Descriptions/MATH-Mathematics.md,official_transcription,pending
2026-27,MATH,Mathematics,MATH-2040,Ordinary Differential Equations 1,3.0,"An introduction to the theory of ordinary differential equations, and practical techniques of solution, principally relating to first order and linear higher order equations; linear systems. Applications to problems in science and other selected areas.",a minimum grade of C in MATH-1030,"COMP-1030. MATH-2100: Quantum Physics I (3.0 credit hours) This course introduces the basic features of quantum mechanics, which is the foundation of modern technologies such as lasers, transistors, and solar cells. It begins with the problem of cavity radiation and normal modes, introduces Planck’s quantization postulate, and leads to the Schrodinger theory of quantum mechanics, with emphasis placed on the solutions to the Schrodinger wave equation in one dimension","COMP-1030. MATH-2100: Quantum Physics I (3.0 credit hours) This course introduces the basic features of quantum mechanics, which is the foundation of modern technologies such as lasers, transistors, and solar cells. It begins with the problem of cavity radiation and normal modes, introduces Planck’s quantization postulate, and leads to the Schrodinger theory of quantum mechanics, with emphasis placed on the solutions to the Schrodinger wave equation in one dimension",,CMU-UG-2026-27-COURSE-MATH-2040,40-Course-Descriptions/MATH-Mathematics.md,official_transcription,pending
2026-27,MATH,Mathematics,MATH-2950,Topics in Mathematics,3.0,"The content of this course will vary from year to year, depending on the needs of students and the interests and availability of instructors.",,,,,CMU-UG-2026-27-COURSE-MATH-2950,40-Course-Descriptions/MATH-Mathematics.md,official_transcription,pending
2026-27,MATH,Mathematics,MATH-3000,Philosophy of Mathematics,3.0,"The philosophy of mathematics includes matters of metaphysics, semantics, and epistemology. This course will provide an overview of the philosophy of mathematics, including (1) the views of some historical philosophers of mathematics, from Plato and Aristotle to Immanuel Kant and John Stuart Mill, (2) the three major positions of the twentieth century, namely, logicism, intuitionism, and formalism, and (3) some contemporary accounts of mathematics, such as ontological realism, anti-realism, and structuralism.","30 credit hours of university-level studies, including a minimum grade of C in MATH-1040",,,,CMU-UG-2026-27-COURSE-MATH-3000,40-Course-Descriptions/MATH-Mathematics.md,official_transcription,pending
2026-27,MATH,Mathematics,MATH-3040,Ordinary Differential Equations 2,3.0,"Laplace transforms, series solutions of ODEs, systems of linear ODEs, applications, introduction to dynamical systems.","30 credit hours of university-level studies, including a minimum grade of C in MATH-2040",,,,CMU-UG-2026-27-COURSE-MATH-3040,40-Course-Descriptions/MATH-Mathematics.md,official_transcription,pending
2026-27,MATH,Mathematics,MATH-3041,Quantitative Methods in Business and Organizational Administration,3.0,"This course covers multiple regression analysis, forecasting, time series and linear programming as they are applied to organizational decision making. The course also discusses the application of these topics to management science techniques and models.",MATH-1000,,,,CMU-UG-2026-27-COURSE-MATH-3041,40-Course-Descriptions/MATH-Mathematics.md,official_transcription,pending
2026-27,MATH,Mathematics,MATH-3050,Dynamical Systems and Chaos,3.0,"Introduction to nonlinear difference and differential equations and their features, including stability, periodicity, attractors, bifurcation, fractals, and chaos. Project-based learning and computational analysis will be emphasized throughout, with applications drawn primarily from mathematical biology, including population, harvesting, predator-prey, competition, host-parasite, disease, and epidemic models.","30 credit hours of university-level studies, including COMP-1030 and MATH-1030. COMP-1030 may be taken concurrently with the course. Biology Category: Interdisciplinary Biology",,,,CMU-UG-2026-27-COURSE-MATH-3050,40-Course-Descriptions/MATH-Mathematics.md,official_transcription,pending
2026-27,MATH,Mathematics,MATH-3060,Introductory Logic,3.0,"An introduction to the semantics of philosophical logic, which is the mathematics of propositions. The course covers classical logical theory, the foundation for mathematical proof, and also some rival logics. These include incomplete logic, in which some statements are neither true nor false; inconsistent logic, in which some statements are both true and false; and free logic, in which statements can be made about objects that do not exist.",MATH-1040 or MATH-2000. Prerequisite(s) may be taken concurrently with the course,,,,CMU-UG-2026-27-COURSE-MATH-3060,40-Course-Descriptions/MATH-Mathematics.md,official_transcription,pending
2026-27,MATH,Mathematics,MATH-3800,Mathematical Models of Biophysics,3.0,"Introduction to mathematical modeling and physics-based approaches used to represent biological systems. Biophysical topics include thermodynamics, random walks and Brownian motion, electrostatics and the structure of biomolecules, nerve impulses, the quantum mechanical nature of vision, continuum mechanics, and transport phenomena.",MATH-1030 and PHYS-1020. Biology Category: Interdisciplinary Biology,,,,CMU-UG-2026-27-COURSE-MATH-3800,40-Course-Descriptions/MATH-Mathematics.md,official_transcription,pending
2026-27,MATH,Mathematics,MATH-3950,Topics in Mathematics,3.0,"The content of this course will vary from year to year, depending on the needs of students and the interests and availability of instructors.",,,,,CMU-UG-2026-27-COURSE-MATH-3950,40-Course-Descriptions/MATH-Mathematics.md,official_transcription,pending
2026-27,MATH,Mathematics,MATH-4000,Thesis in Mathematics,6.0,"This course is restricted to students completing the Bachelor of Arts, four-year major in Mathematics. Eligible students should refer to the Thesis Writing Procedures in the Academic Policies section of this calendar.",,,,,CMU-UG-2026-27-COURSE-MATH-4000,40-Course-Descriptions/MATH-Mathematics.md,official_transcription,pending
2026-27,MATH,Mathematics,MATH-4940,Independent Study in Mathematics,3.0,A study in a specific area of Mathematics under the direction of a faculty member.,,,,,CMU-UG-2026-27-COURSE-MATH-4940,40-Course-Descriptions/MATH-Mathematics.md,official_transcription,pending
2026-27,MATH,Mathematics,MATH-4950,Topics in Mathematics,3.0,"The content of this course will vary from year to year, depending on the needs of students and the interests and availability of instructors.",,,,,CMU-UG-2026-27-COURSE-MATH-4950,40-Course-Descriptions/MATH-Mathematics.md,official_transcription,pending
2026-27,MUSC,Music,MUSC-1000,Music Theory I,3.0,"An introduction to musical discourse based on acoustic principles and common practice technique. The study will include an exploration of line, texture, and form through writing and analysis.",,,,,CMU-UG-2026-27-COURSE-MUSC-1000,40-Course-Descriptions/MUSC-Music.md,official_transcription,pending
2026-27,MUSC,Music,MUSC-1010,Music Theory II,3.0,"A continuation of Music Theory I, with an emphasis on chorale-style harmonization based on the contrapuntal relationships of melodic voices. Small instrumental forms also will be studied.",,,,,CMU-UG-2026-27-COURSE-MUSC-1010,40-Course-Descriptions/MUSC-Music.md,official_transcription,pending
2026-27,MUSC,Music,MUSC-1120,Aural Skills I,1.5,"A practical study designed to help students develop aural skills through sight-singing, melodic dictation, and aural analysis. Students will examine the ‘building blocks’ of melody and harmony—intervals, scales, and chords—and learn to recognize them aurally. Guided practice of ear training techniques and the use of solfège syllables will improve students’ musical perception as they become more fluent in translating notation into sound as well as the reverse, sound into notation.",MUSC-1310,,,,CMU-UG-2026-27-COURSE-MUSC-1120,40-Course-Descriptions/MUSC-Music.md,official_transcription,pending
2026-27,MUSC,Music,MUSC-1120,Keyboard Skills I,1.5,"This course develops basic keyboard technique and reading skills, harmonization of both folk, popular and jazz melodies, transposition at the keyboard, reading chord charts, reading in multiple clefs, open score reading (choral and string quartet), basic jazz harmony, and the ability to lead in community singing in the church, classroom, and therapy context.",,,,,CMU-UG-2026-27-COURSE-MUSC-1120,40-Course-Descriptions/MUSC-Music.md,official_transcription,pending
2026-27,MUSC,Music,MUSC-1220,The Art of Music,3.0,"This course is an introduction to thinking, writing, and doing music as it examines the larger questions of music: What is music? What is the value of music? Do humans need music? Why do humans engage in this activity? To what does music give expression? The course will also explore topics such as music and society, music and gender, the musical canon, and the philosophy/theology of art and music in different eras and cultures. Reading musical notation not required.",,,,,CMU-UG-2026-27-COURSE-MUSC-1220,40-Course-Descriptions/MUSC-Music.md,official_transcription,pending
2026-27,MUSC,Music,MUSC-1300,Ways of Musicking I,3.0,"A practical exploration of how to make music, including a variety of perspectives and cultures. Students will participate in creating their own musical ideas through improvisation, collaboration, and making music together in small groups, with a variety of instruments. Reading musical notation not required.",,,,,CMU-UG-2026-27-COURSE-MUSC-1300,40-Course-Descriptions/MUSC-Music.md,official_transcription,pending
2026-27,MUSC,Music,MUSC-1310,Ways of Musicking II,3.0,"A practical exploration of learning music through notation on a variety of instruments. Participating in group experience to enhance rhythm, sight reading and collaborative music making. Introduction to playing guitar and applying theoretical knowledge will be a weekly component to this course. All students must have their own guitar for the class.",,,,,CMU-UG-2026-27-COURSE-MUSC-1310,40-Course-Descriptions/MUSC-Music.md,official_transcription,pending
2026-27,MUSC,Music,MUSC-1499,Music Preparatory Skills,2.0,"This course is designed to help students upgrade keyboard and aural skills through weekly private instruction (1-hour lessons). This course cannot serve as a music elective within music degrees. The tuition fee for this course is the same as for an Individual Music Lessons (IML) of 2 credit hours. MUSC-14XY to 16XY, 24XY to 26XY, 34XY to 36XY, and 44XY to 46XY Individual Music Lessons (IML ) These courses consist of twenty-four weekly lessons, 12 in each semester. IML courses are open to all students who are enrolled for at least one other 3 credit-hour course each semester. Students may enrol for a one-semester IML course beginning in January. Students may enrol for a one-semester IML course in September only if they will not be studying at CMU during second semester.","A successful audition. IML courses are not available for auditing; they are available as minors or as majors as follows: Minor, 2 credit hours: The student receives weekly ½-hour private instruction in a chosen applied area over the course of an academic year. Prerequisite(s): A placement audition. Major, 3 credit hours: The student receives weekly ¾-hour private instruction in a chosen applied area over the course of an academic year. Prerequisite(s): A successful audition. Major, 5 credit hours: The student receives weekly one-hour private instruction in a chosen applied area over the course of an academic year. Prerequisite(s): A successful audition. Course numbers: The numbers presented above have two variables, X and Y. The variable Y indicates the credit hour value of the course, namely, 2, 3, or 5 credit hours. The variable X, taken together with the digit before, indicates the instrument, for examples, “40” indicates piano, and “41” indicates voice. Hence: MUSC-1402 is an individual applied study in piano, 2 credit hours in value MUSC-1403 is an individual applied study in piano, 3 credit hours in value MUSC-1405 is an individual applied study in piano, 5 credit hours in value MUSC-1412 is an individual applied study in voice, 2 credit hours in value MUSC-1413 is an individual applied study in voice, 3 credit hours in value MUSC-1415 is an individual applied study in voice, 5 credit hours in value Each instrument will be assigned a distinct number. So far, the following are assigned: 140Y = piano, 141Y = voice, 144Y = bass guitar, 145Y = percussion, 146Y = guitar, 147Y = organ, 148Y = conducting, 150Y = violin, 151Y = viola, 152Y = cello, 153Y = double bass, 155Y = composing, 156Y = flute, 157Y = saxophone, 158Y = clarinet, 164Y = trumpet, 165Y = French horn, 166Y = tuba, 167Y = trombone, 168Y = harp, 169Y = oboe MUSC-1700, 2700, 3700, 4700 CMU Singers (3.0 credit hours) CMU Singers is a large, mixed ensemble open to all students from CMU programs. There will be a voice placement interview at the beginning of September. The CMU Singers will take part in on-campus events, concerts, and worship services in addition to off-campus events with church and the larger community. When appropriate, the CMU Singers will form the core of CMU Festival Chorus, a symphonic chorus of alumni and community members that performs regularly with the Winnipeg Symphony Orchestra. Admission by audition. MUSC-1701, 2701, 3701, 4701 CMU Voices TB (1.0 credit hour) An auditioned ensemble available to students who are not in CMU Singers or CMU Chamber Choir, but members of those ensembles are automatically part of this ensemble. This choir has deputation and concert responsibilities",,,,CMU-UG-2026-27-COURSE-MUSC-1499,40-Course-Descriptions/MUSC-Music.md,official_transcription,pending
2026-27,MUSC,Music,MUSC-1790,Sound Technology Workshop,1.0,"An introduction to live sound technology as applied to both speaking and music contexts. The workshop includes in-class training sessions along with significant practical experience in any forum in which a CMU sound technician is required, including music ensembles, chapels, and CMU events. Students who successfully complete this course will qualify to apply for opportunities as CMU sound technicians.",,,,,CMU-UG-2026-27-COURSE-MUSC-1790,40-Course-Descriptions/MUSC-Music.md,official_transcription,pending
2026-27,MUSC,Music,MUSC-2000,Music Theory III,3.0,"A continuation of the study of common practice structures and expressions, concentrating on extended forms and chromaticism through both writing and analysis.",,,,,CMU-UG-2026-27-COURSE-MUSC-2000,40-Course-Descriptions/MUSC-Music.md,official_transcription,pending
2026-27,MUSC,Music,MUSC-2010,Music Theory IV,3.0,"This course will explore important areas of practical music-making, including study of components of different genres (folk, rock, Latin, ballad, pop, crooner etc.). Jazz theory and arranging form an important part of this course, as students become conversant in the use and function of basic jazz harmonies and learn voicings for a 4-part (non-SATB) harmonization of a melody. Students will also develop creativity, imagination, problem-solving, artistic collaboration and working to deadlines as transferable skills.",,,,,CMU-UG-2026-27-COURSE-MUSC-2010,40-Course-Descriptions/MUSC-Music.md,official_transcription,pending
2026-27,MUSC,Music,MUSC-2120,Aural Skills II,1.5,"A continuation of Aural Skills I. In this practical study students will continue to develop aural skills through sight-singing, melodic dictation, and aural analysis. Students will continue examining the “building blocks” of melody and harmony by learning to recognize increasingly complex intervals, scales, and chords. Guided practice of ear training techniques and the use of solfège syllables will improve students’ musical perception as they tackle more complex melodies in both sight-reading and melodic dictation contexts.",MUSC-1120,,,,CMU-UG-2026-27-COURSE-MUSC-2120,40-Course-Descriptions/MUSC-Music.md,official_transcription,pending
2026-27,MUSC,Music,MUSC-2121,Keyboard Skills II,1.5,"This course is a continuation and deepening of knowledge from Keyboard Skills I. The course will continue to develop basic keyboard technique and reading skills, harmonization of both folk, popular and jazz melodies, transposition at the keyboard, reading chord charts, reading in multiple clefs, open score reading (choral and string quartet), basic jazz harmony, and the ability to lead in community singing in the church, classroom, and therapy context.",,,,,CMU-UG-2026-27-COURSE-MUSC-2121,40-Course-Descriptions/MUSC-Music.md,official_transcription,pending
2026-27,MUSC,Music,MUSC-2145,Lyric Diction,3.0,"A study of the basic phonetics and accepted principles of lyric diction of languages most commonly used in choral, operatic, and song repertoire: Latin, French, German, Italian, and English.",MUSC-141X (voice). MUSC-141X can be taken concurrently with this course,,,,CMU-UG-2026-27-COURSE-MUSC-2145,40-Course-Descriptions/MUSC-Music.md,official_transcription,pending
2026-27,MUSC,Music,MUSC-2150,Conducting Techniques I,3.0,"A practical exploration and study in the grammar and techniques of conducting, with a focus on leading choirs and other music in school, church, and community settings. Emphasis will be on learning basic conducting gestures, vocal techniques, and in the development of music leadership skills.",,,,,CMU-UG-2026-27-COURSE-MUSC-2150,40-Course-Descriptions/MUSC-Music.md,official_transcription,pending
2026-27,MUSC,Music,MUSC-2250,History of Jazz,3.0,"A chronological survey of jazz from its origins to the present. The course will trace the development of important styles and feature the works of influential performers. Topics for study will include the beginnings and evolution of the blues, ragtime, the swing era, avant garde and free jazz, contemporary trends, related developments, and Canadian contributions. Music Category: Cultural Perspectives.",,,,,CMU-UG-2026-27-COURSE-MUSC-2250,40-Course-Descriptions/MUSC-Music.md,official_transcription,pending
2026-27,MUSC,Music,MUSC-2260,Worlds of Music,3.0,"A survey of music and musical cultures whose traditions are traced to the East and the South. Critical questions involving constructions of cultural hybridity, identity formation of and through music, and outsider participation will be considered.",,,,,CMU-UG-2026-27-COURSE-MUSC-2260,40-Course-Descriptions/MUSC-Music.md,official_transcription,pending
2026-27,MUSC,Music,MUSC-2290,History of Western Art Music,3.0,"A survey of the history of Western art music, that is, the music popularly called “classical music,” originating in Europe but now played and composed globally. The course moves through medieval music, Renaissance and Baroque music, Classical and Romantic music, ending with 20 th and 21 st century art music. Students will learn critical listening skills and approaches to understanding music in historical and cultural context. Music Category: Cultural Perspectives.",,,,,CMU-UG-2026-27-COURSE-MUSC-2290,40-Course-Descriptions/MUSC-Music.md,official_transcription,pending
2026-27,MUSC,Music,MUSC-2300,Music Ministry and Resources,3.0,"An introduction to music ministry in the church. Attention will be focused on the function of music in the context of Christian worship. In addition to exploring a variety of worship music styles and resources, attention will also be given to the development of leadership skills for music ministry. Reading musical notation not required.",,,,,CMU-UG-2026-27-COURSE-MUSC-2300,40-Course-Descriptions/MUSC-Music.md,official_transcription,pending
2026-27,MUSC,Music,MUSC-2310,A History of Worship Music,3.0,"A study of the development and practice of Christian worship music from the New Testament church through the 21st century, focusing primarily on congregational singing. The course will explore cultural and spiritual movements which gave rise to new forms of worship music throughout history, and trace recurring controversies and questions related to its practice. Reading musical notation not required. Music Category: Cultural Perspectives.",,,,,CMU-UG-2026-27-COURSE-MUSC-2310,40-Course-Descriptions/MUSC-Music.md,official_transcription,pending
2026-27,MUSC,Music,MUSC-2320,Liturgy and Artistic Expression,3.0,"A study of the origins and developments of liturgies and their influence on music, architecture, painting, sculpture, etc., throughout the history of the Christian church, including the influences of these developments on non-liturgical traditions.",,,,,CMU-UG-2026-27-COURSE-MUSC-2320,40-Course-Descriptions/MUSC-Music.md,official_transcription,pending
2026-27,MUSC,Music,MUSC-2330,Leading Singing in Community,3.0,"This course explores the practice of song leading in varied settings such as schools, worship gatherings, senior’s homes, community centers or other venues in which community music making occurs. Primary attention will be given to the development of effective leadership skills, including the ability to lead vocally, choose suitable songs, communicate musical and textual ideas, and teach new material. Reading musical notation not required.",,,,,CMU-UG-2026-27-COURSE-MUSC-2330,40-Course-Descriptions/MUSC-Music.md,official_transcription,pending
2026-27,MUSC,Music,MUSC-2840,Percussion Techniques A,1.5,"This course serves as an introduction to the instruments in the percussion family. It will focus on hand drums and other small percussion instruments found in most school band/orchestral programs and useful in music therapy settings. In addition, students will explore basic drum set coordination and basic world percussion rhythms.",Successful theory placement test,,,,CMU-UG-2026-27-COURSE-MUSC-2840,40-Course-Descriptions/MUSC-Music.md,official_transcription,pending
2026-27,MUSC,Music,MUSC-2850,Percussion Techniques B,1.5,This course extends the focus of MUSC-2840 to include learning percussion techniques common to notated and improvised musical styles. An ensemble component forms part of this course.,MUSC-2840,,,,CMU-UG-2026-27-COURSE-MUSC-2850,40-Course-Descriptions/MUSC-Music.md,official_transcription,pending
2026-27,MUSC,Music,MUSC-2860,Class Guitar,1.5,"This class will help students develop a basic mastery on guitar and learn to play chord progressions in a variety of keys and in a variety of styles, utilizing strumming and finger picking techniques.",,,,,CMU-UG-2026-27-COURSE-MUSC-2860,40-Course-Descriptions/MUSC-Music.md,official_transcription,pending
2026-27,MUSC,Music,MUSC-2900,Music and Film,3.0,"This course offers an introduction to music and film for movie fans as well as those interested in visual media and music production. Within multimedia texts, sounds and visuals co-produce meaning, with music shaping how we see and images influencing how we listen. This course aims to illuminate these meaning-making processes, situating them in dynamic social and cultural contexts. Over the semester this course will explore historic and contemporary films from around the globe, along with different forms of media technologies such as the microphone, radio, and DVD. Reading musical notation not required.",,,,,CMU-UG-2026-27-COURSE-MUSC-2900,40-Course-Descriptions/MUSC-Music.md,official_transcription,pending
2026-27,MUSC,Music,MUSC-2950,Topics in Music,3.0,"The content of this course will vary from year to year, depending on the needs of students and the interests and availability of instructors.",,,,,CMU-UG-2026-27-COURSE-MUSC-2950,40-Course-Descriptions/MUSC-Music.md,official_transcription,pending
2026-27,MUSC,Music,MUSC-3010,Music Production,3.0,"This course is an entry point for developing a skill set to serve the creative process of composition. These skills include planning and pre-production, composing, recording, editing, and mixing original musical compositions. Topics covered include: recording and editing audio; acoustics; using effects (reverb, EQ, compression etc.); scoring for film, live theatre and video games; mixing and finalizing music tracks; the business of Music Production.",30 credit hours of university-level studies,,,,CMU-UG-2026-27-COURSE-MUSC-3010,40-Course-Descriptions/MUSC-Music.md,official_transcription,pending
2026-27,MUSC,Music,MUSC-3050,Composing and Arranging Seminar,3.0,"An exploration of the discipline and craft of composing and arranging for both choral and instrumental ensembles. Through the study of literature and scoring techniques, topics such as text-setting, choral and orchestral techniques, electronic music, and charting for popular music will be explored. The course includes both score preparation and opportunities for recital performances of original works.",,,,,CMU-UG-2026-27-COURSE-MUSC-3050,40-Course-Descriptions/MUSC-Music.md,official_transcription,pending
2026-27,MUSC,Music,MUSC-3055,"Piano Pedagogy, Repertoire, and Interpretation",3.0,"A critical study of the repertoire and resources through which the piano commonly is taught, the concepts through which musicianship and technique are understood, and the purposes and institutions with which the piano is associated. A practical component will include teaching students with various levels of experience and in distinct musical styles.",MUSC-240X (piano),,,,CMU-UG-2026-27-COURSE-MUSC-3055,40-Course-Descriptions/MUSC-Music.md,official_transcription,pending
2026-27,MUSC,Music,MUSC-3060,"Vocal Pedagogy, Repertoire, and Interpretation",3.0,"A study of the foundations of solo vocal techniques, beginning teaching principles, and repertoire. The course will also explore the solo vocal literature from Renaissance to the present, providing opportunity to sing the examples of exercises and literature.",MUSC-241X (voice),,,,CMU-UG-2026-27-COURSE-MUSC-3060,40-Course-Descriptions/MUSC-Music.md,official_transcription,pending
2026-27,MUSC,Music,MUSC-3070,Private Studio Teaching Techniques,3.0,"A study of foundations of private teachings and techniques commonly used in private studios, repertoire and additional resource materials needed to start your own studio. A practical component will include teaching students with various levels of experience and styles, including supporting neurodivergent learners.",30 credit hours of university-level studies,,,,CMU-UG-2026-27-COURSE-MUSC-3070,40-Course-Descriptions/MUSC-Music.md,official_transcription,pending
2026-27,MUSC,Music,MUSC-3080,Directed Study in Pedagogy and Repertoire,3.0,A directed study in the pedagogy and repertoire of the student's major instrument (instruments other than piano).,,,,,CMU-UG-2026-27-COURSE-MUSC-3080,40-Course-Descriptions/MUSC-Music.md,official_transcription,pending
2026-27,MUSC,Music,MUSC-3090,Songwriting: Words and Music Together,3.0,"Songs are an ancient mode of expression and historically a powerful force expressing and motivating public opinion, persisting today as one of the most popular art forms. This course for non-majors as well as majors examines songs in a variety of genres and languages, by composers from many cultures and of diverse identities. We will analyze how these songs work, learn simple forms and harmonic progressions, and finally write songs and learn basic studio recording techniques.",30 credit hours of university-level studies. Reading musical notation not required,,,,CMU-UG-2026-27-COURSE-MUSC-3090,40-Course-Descriptions/MUSC-Music.md,official_transcription,pending
2026-27,MUSC,Music,MUSC-3100,Early Musical Development,3.0,"An examination of methodologies for the development of musicianship in children in light of contemporary theories of music education, including those of Kodaly, Orff, Suzuki, Dalcroze, and Gordon. Students will evaluate conventional and contemporary curriculum design and will interact with local music educators in various school settings.",,,,,CMU-UG-2026-27-COURSE-MUSC-3100,40-Course-Descriptions/MUSC-Music.md,official_transcription,pending
2026-27,MUSC,Music,MUSC-3110,Cultural Perspectives and Critical Pedagogy in Music Education,3.0,"This course seeks to centre the student and their perspectives as a pedagogy for critical thinking that engages rehearsal techniques and classroom teaching in making connections with musical materials and the world beyond. Implicit within making these connections, this course will address issues of musical identity and achievement, equity and excellence, developmental musicianship, teaching for the whole child, and the importance of nurturing the student and teacher relationship.",30 credit hours of university-level studies. Reading notation strongly recommended. Music Category: Cultural Perspectives,,,,CMU-UG-2026-27-COURSE-MUSC-3110,40-Course-Descriptions/MUSC-Music.md,official_transcription,pending
2026-27,MUSC,Music,MUSC-3120,Organ and Harpsichord Workshop,3.0,"An introduction to playing the organ and the harpsichord for advanced pianists. Plenary sessions will alternate with individual instruction on both instruments. In addition, topics such as service playing (organ), continuo playing, repertoire, and historically informed performance practice will be addressed. Normally the workshop will be limited to six participants. Admission by permission of the instructor.",,,,,CMU-UG-2026-27-COURSE-MUSC-3120,40-Course-Descriptions/MUSC-Music.md,official_transcription,pending
2026-27,MUSC,Music,MUSC-3140,Vocal and Choral Techniques,3.0,"A study of how to teach vocal techniques in a classroom or choral setting. Students will actively participate in classroom instruction that focuses on a practical exploration of choral tone, vocal colour, and teaching strategies for all ages and levels of experience. As well, vocal development, vocal health, and physiology of the voice will be considered for study. This course is intended for students who are not in voice performance.",MUSC-1010 and MUSC-1110,,,,CMU-UG-2026-27-COURSE-MUSC-3140,40-Course-Descriptions/MUSC-Music.md,official_transcription,pending
2026-27,MUSC,Music,MUSC-3150,Conducting Techniques II,3.0,"A continuation of Conducting Techniques I, with an emphasis on baton techniques, conducting large and small choral/instrumental ensembles, and rehearsal techniques.",,,,,CMU-UG-2026-27-COURSE-MUSC-3150,40-Course-Descriptions/MUSC-Music.md,official_transcription,pending
2026-27,MUSC,Music,MUSC-3170,Jazz Ensemble Techniques,3.0,"A study of the tonal and formal materials of the jazz tradition, of procedures for rehearsing and directing small and large jazz ensembles, and of standard repertoire and performance materials. An applied component includes working with common styles and idioms of jazz arranging and improvisation in performance.",,,,,CMU-UG-2026-27-COURSE-MUSC-3170,40-Course-Descriptions/MUSC-Music.md,official_transcription,pending
2026-27,MUSC,Music,MUSC-3230,"Issues in Music Since 1900: Beauty, Noise, and Change",3.0,"Composers have always responded to world events and grappled with cultural change, but since 1900, they (and their audiences) had to come to terms with everything from industrial warfare to artistic modernism to the rise of the recording industry, all of which fundamentally altered social understandings of what music could be and what it could do. In this course, we will explore musics in their historical and cultural contexts, seeking to understand the relationships between new musical sounds, new musical forms, and new musical purposes against the backdrop of some of the most tumultuous and vibrant times in human history. Prerequisite(s) : 30 credit hours of university-level studies. Reading musical notation not required. Music Category: Cultural Perspectives.",,,,,CMU-UG-2026-27-COURSE-MUSC-3230,40-Course-Descriptions/MUSC-Music.md,official_transcription,pending
2026-27,MUSC,Music,MUSC-3240,Decolonizing our Learning through Music,3.0,"What do students and teachers learn about the nature of music based on the musical doings and products that are celebrated in the classroom? What forms of colonialism are present in music classrooms? Which students are served by current musical practice, and which students are systematically ‘failed’? Underpinning these questions is a need for a critical examination of practice that centres Indigenous voices and decentres a colonial “stylistic and engagement hierarchy” (Rinsema, 2018) in doing and listening to music.",,,,,CMU-UG-2026-27-COURSE-MUSC-3240,40-Course-Descriptions/MUSC-Music.md,official_transcription,pending
2026-27,MUSC,Music,MUSC-3250,Topics in Music and Culture,3.0,"An interdisciplinary course involving a dialogue between music and another area, for example, philosophy, theology, math, or English. Normally will be team-taught. Open to music and non-music students.",,,,,CMU-UG-2026-27-COURSE-MUSC-3250,40-Course-Descriptions/MUSC-Music.md,official_transcription,pending
2026-27,MUSC,Music,MUSC-3270,History of Rock Music,3.0,"This course explores the lives of artists and changing musical trends in rock music history, beginning with the origins of rock music in genres including blues, Country and Western, and gospel, and continuing through several differing streams of music that fall under the umbrella of ""rock"" at the end of the twentieth century. In addition to practicing close listening, students will focus on primary sources as a means to critically examining the social and political process of history-making. Reading musical notation not required. Music Category: Cultural Perspectives.",,,,,CMU-UG-2026-27-COURSE-MUSC-3270,40-Course-Descriptions/MUSC-Music.md,official_transcription,pending
2026-27,MUSC,Music,MUSC-3280,History of Gospel Music,3.0,"This critical cultural history of gospel music from the United States and around the world engages the Black experience as a central part of this music's history. Using primary and secondary materials, this class investigates the historical, religious, political, cultural, and social context of the musical worlds in which these artists and audiences lived. Students will engage in close listening practices to musical examples from across the globe. Reading musical notation not required. Music Category: Cultural Perspectives.",,,,,CMU-UG-2026-27-COURSE-MUSC-3280,40-Course-Descriptions/MUSC-Music.md,official_transcription,pending
2026-27,MUSC,Music,MUSC-3310,Church Renewal and Music in the Twentieth Century,3.0,"A study of the renewal movements in the twentieth century, studying both their theology and music, including the impact of Vatican II, the charismatic movement, Taizé, Vineyard movement, etc. Attention will also be given to developments in contemporary hymnody.",30 credit hours of university-level studies. Music Category: Cultural Perspectives,,,,CMU-UG-2026-27-COURSE-MUSC-3310,40-Course-Descriptions/MUSC-Music.md,official_transcription,pending
2026-27,MUSC,Music,MUSC-3398,Church Music Event/Project,2.0,"A public worship event or project organized and led by the student, under supervision of CMU faculty.",,,,,CMU-UG-2026-27-COURSE-MUSC-3398,40-Course-Descriptions/MUSC-Music.md,official_transcription,pending
2026-27,MUSC,Music,MUSC-3399,Recital I,2.0,A public performance approximately 30-40 minutes in length in a particular area of Individual Music Lessons (IML) comprising a minimum of three epochs of contrasting repertoire. Admission by permission of the Music Department.,,,,,CMU-UG-2026-27-COURSE-MUSC-3399,40-Course-Descriptions/MUSC-Music.md,official_transcription,pending
2026-27,MUSC,Music,MUSC-3830,Psychology of Music,3.0,"An in-depth study of the psychological and physiological aspects of musical behaviour and experience including basic knowledge of music and affect, the influence of music on behaviour, and perception and cognition of music, as well as a study of current research in the field.",,,,,CMU-UG-2026-27-COURSE-MUSC-3830,40-Course-Descriptions/MUSC-Music.md,official_transcription,pending
2026-27,MUSC,Music,MUSC-3860,Brass Techniques,3.0,Group instruction in brass instruments. Instruction explores playing techniques and examines materials and procedures for individual and group instruction.,,,,,CMU-UG-2026-27-COURSE-MUSC-3860,40-Course-Descriptions/MUSC-Music.md,official_transcription,pending
2026-27,MUSC,Music,MUSC-3890,Woodwind Techniques,3.0,Group instruction in woodwind instruments. Instruction explores playing techniques and examines materials and procedures for individual and group instruction.,,,,,CMU-UG-2026-27-COURSE-MUSC-3890,40-Course-Descriptions/MUSC-Music.md,official_transcription,pending
2026-27,MUSC,Music,MUSC-3900,Readings in Musicology,3.0,"An introduction to various topics and approaches to musicology, including cultural studies and ethnomusicology.",,,,,CMU-UG-2026-27-COURSE-MUSC-3900,40-Course-Descriptions/MUSC-Music.md,official_transcription,pending
2026-27,MUSC,Music,MUSC-3910,Music and Locality,3.0,"Most of us live our lives around and through music. We listen alongside many everyday activities—commuting, exercising, studying, cooking—but music is also at the heart of how we connect with friends, family, and our communities. This course centers musical practices as significantly meaningful, going beyond ideas of music as just entertainment or art, in order to explore people’s social relationships, personal and communal values, and music’s role in overall human flourishing. Students will engage in ethnographic investigations and qualitative analyses of local music scenes in Winnipeg, applying a variety of theories from sociology, media studies, and music to these local contexts and practices.",30 credit hours of university-level studies. Reading musical notation not required. Music Category: Cultural Perspectives,,,,CMU-UG-2026-27-COURSE-MUSC-3910,40-Course-Descriptions/MUSC-Music.md,official_transcription,pending
2026-27,MUSC,Music,MUSC-3950,Topics in Music,3.0,"The content of this course will vary from year to year, depending on the needs of students and the interests and availability of instructors.",,,,,CMU-UG-2026-27-COURSE-MUSC-3950,40-Course-Descriptions/MUSC-Music.md,official_transcription,pending
2026-27,MUSC,Music,MUSC-4000,Senior Thesis,6.0,"This course is restricted to students completing the Bachelor of Music or Bachelor of Arts, four-year major in Music. Eligible students should refer to the Thesis Writing Procedures in the Academic Policies section of this calendar.",,,,,CMU-UG-2026-27-COURSE-MUSC-4000,40-Course-Descriptions/MUSC-Music.md,official_transcription,pending
2026-27,MUSC,Music,MUSC-4070,Choral Repertoire and Interpretation,3.0,"A critical study of the repertoire and resources for school, church, and community choirs with a goal of understanding musical style and interpretation. Students’ choral techniques will be developed through score study and the teaching of selected repertoire. The course includes a weekly choral lab requirement.",,,,,CMU-UG-2026-27-COURSE-MUSC-4070,40-Course-Descriptions/MUSC-Music.md,official_transcription,pending
2026-27,MUSC,Music,MUSC-4100,Music and Spiritual Meaning,3.0,"Throughout the history of Western civilization, music frequently has been understood to possess a numinous quality. Whether identified as reflecting the Platonic world soul, the Judeo-Christian Creator, the Romantic Sublime, or as the Will, the idea that music seeks to express the inexpressible, the thing longed for but not completely attainable, is a Leitmotif running through the contemplation of music since antiquity. This course will interrogate this theme through readings and reflection, and through exploring students’ own understanding of this idea.",,,,,CMU-UG-2026-27-COURSE-MUSC-4100,40-Course-Descriptions/MUSC-Music.md,official_transcription,pending
2026-27,MUSC,Music,MUSC-4170,Band and Orchestral Techniques,3.0,"A practical study in rehearsing and conducting large and small instrumental ensembles. Students will examine performance and instructional materials, appropriate for school, church, and community settings.",,,,,CMU-UG-2026-27-COURSE-MUSC-4170,40-Course-Descriptions/MUSC-Music.md,official_transcription,pending
2026-27,MUSC,Music,MUSC-4180,Instrumental Ensemble Techniques,3.0,"A practical study in rehearsing and conducting large and small instrumental ensembles. Students will examine performance and instructional materials appropriate for schools, church, and community settings.",MUSC-2150,,,,CMU-UG-2026-27-COURSE-MUSC-4180,40-Course-Descriptions/MUSC-Music.md,official_transcription,pending
2026-27,MUSC,Music,MUSC-4300,Church Music Themes,3.0,A seminar dealing with a specific topic of current interest in the area of church music.,,,,,CMU-UG-2026-27-COURSE-MUSC-4300,40-Course-Descriptions/MUSC-Music.md,official_transcription,pending
2026-27,MUSC,Music,MUSC-4360,Music Practicum,3.0,"A music practicum in applied music or arts administration, working in amateur, professional, or political organizations.",,,,,CMU-UG-2026-27-COURSE-MUSC-4360,40-Course-Descriptions/MUSC-Music.md,official_transcription,pending
2026-27,MUSC,Music,MUSC-4399,Recital II,3.0,A 60-minute public performance in a particular area of Individual Music Lessons (IML). Admission by permission of the Music Department.,,,,,CMU-UG-2026-27-COURSE-MUSC-4399,40-Course-Descriptions/MUSC-Music.md,official_transcription,pending
2026-27,MUSC,Music,MUSC-4800,Research in Music Education and Therapy,3.0,"Methodologies for interpreting, conducting, and reporting research. Students will also perform data base literature searches and consider how to apply research findings to practice.",,,,,CMU-UG-2026-27-COURSE-MUSC-4800,40-Course-Descriptions/MUSC-Music.md,official_transcription,pending
2026-27,MUSC,Music,MUSC-4940,Independent Study in Music,3.0,An independent study under the direction of a faculty member in music.,,,,,CMU-UG-2026-27-COURSE-MUSC-4940,40-Course-Descriptions/MUSC-Music.md,official_transcription,pending
2026-27,MUSC,Music,MUSC-4950,Topics in Music Research,3.0,"Students will meet regularly with a music faculty member for an independent study, resulting in a major research paper.",,,,,CMU-UG-2026-27-COURSE-MUSC-4950,40-Course-Descriptions/MUSC-Music.md,official_transcription,pending
2026-27,MUTH,Music Therapy,MUTH-2800,Introduction to Music Therapy,3.0,"An overview of the field of music therapy, an introduction to the history and principles, to different therapy models and techniques, and to the many populations served by the discipline. This course is open to all students and professionals interested in learning more about the field. Reading musical notation not required.",,,,,CMU-UG-2026-27-COURSE-MUTH-2800,40-Course-Descriptions/MUTH-Music-Therapy.md,official_transcription,pending
2026-27,MUTH,Music Therapy,MUTH-3801,Medical Music Therapy,3.0,"This course focuses on the use of music therapy in medical, gerontology, and palliative care settings. Clinical application of music techniques for clients in these settings will be explored with a focus on the therapeutic function of music. Students will learn about interdisciplinary work within team settings.",MUTH-2800 and admission to the Music Therapy program,,,,CMU-UG-2026-27-COURSE-MUTH-3801,40-Course-Descriptions/MUTH-Music-Therapy.md,official_transcription,pending
2026-27,MUTH,Music Therapy,MUTH-3802,Music Psychotherapy,3.0,This course provides an introduction to the use of music in psychotherapy and integration of verbal and nonverbal therapy techniques. Students will engage in cultural self-exploration and learn about safe and effective use of self in therapy.,a minimum grade of C+ in MUTH-3801 and admission to the Music Therapy program,,,,CMU-UG-2026-27-COURSE-MUTH-3802,40-Course-Descriptions/MUTH-Music-Therapy.md,official_transcription,pending
2026-27,MUTH,Music Therapy,MUTH-3803,Developmental Music Therapy,3.0,"This course will focus on developmental and rehabilitative music therapy with children and adults. Principles of music therapy and theoretical approaches in developmental and rehabilitative settings will be discussed with a focus on the therapeutic function of music. Students will learn clinical skills, including assessment, treatment, and evaluation, as well as practical application of music therapy techniques for groups and individuals.",MUTH-2800 and admission to the Music Therapy program,,,,CMU-UG-2026-27-COURSE-MUTH-3803,40-Course-Descriptions/MUTH-Music-Therapy.md,official_transcription,pending
2026-27,MUTH,Music Therapy,MUTH-3804,Humanistic Music Therapy,3.0,"This course will focus on Humanistic/Client-centred Music Therapy, the therapeutic relationship and therapeutic use of self in a range of settings including individual music therapy, work with teenagers, and mental health/wellness. Improvisation techniques and applications and use of technology in music therapy will be explored.",a minimum grade of C+ in MUTH-3803 and admission to the Music Therapy program,,,,CMU-UG-2026-27-COURSE-MUTH-3804,40-Course-Descriptions/MUTH-Music-Therapy.md,official_transcription,pending
2026-27,MUTH,Music Therapy,MUTH-3805,Clinical Musicianship I,1.5,"This is the first in a sequence of four classes designed to build clinical musicianship skills which students will need for Music Therapy Practicum and Internship. This largely experiential class will support students in exploring their personal relationship with music. Students will be introduced to music in a music therapy context, and explore clinical improvisation, use of pre-composed music, and movement to music.",,,,,CMU-UG-2026-27-COURSE-MUTH-3805,40-Course-Descriptions/MUTH-Music-Therapy.md,official_transcription,pending
2026-27,MUTH,Music Therapy,MUTH-3806,Clinical Musicianship II,1.5,"This is the second in a sequence of four classes designed to build clinical musicianship skills which students will need for Music Therapy Practicum and Internship. Students will gain experience in improvisation, receptive methods, composition, and explore integration of other creative arts with music. This class also includes small ensemble work in popular music forms.",,,,,CMU-UG-2026-27-COURSE-MUTH-3806,40-Course-Descriptions/MUTH-Music-Therapy.md,official_transcription,pending
2026-27,MUTH,Music Therapy,MUTH-3871,Observation and Clinical Skills,1.0,"This course provides a focused introduction to observation and clinical skills for music therapy. In addition to the seminar class, students will complete field observations of music therapy sessions conducted by certified Music Therapists (MTA).",Admission to the Music Therapy program,,,,CMU-UG-2026-27-COURSE-MUTH-3871,40-Course-Descriptions/MUTH-Music-Therapy.md,official_transcription,pending
2026-27,MUTH,Music Therapy,MUTH-3881,Practicum I: Foundations of Clinical Practice,2.0,"Supervised field experience with different special populations, working with both groups and individuals. Designing, implementing, documenting, and evaluating clinical experiences. In addition to field placement, the student must attend a weekly on-campus seminar.",a minimum grade of C+ in MUTH-3871,,,,CMU-UG-2026-27-COURSE-MUTH-3881,40-Course-Descriptions/MUTH-Music-Therapy.md,official_transcription,pending
2026-27,MUTH,Music Therapy,MUTH-4805,Clinical Musicianship III,1.5,"This is the third in a sequence of four classes designed to build clinical musicianship skills which students will need for Music Therapy Practicum and Internship. Through experiential learning and study of client case material, students will gain skill in facilitation, leadership, and making musical decisions with therapeutic intent. Methods will include clinical improvisation, use of pre-composed music, and movement to music.",,,,,CMU-UG-2026-27-COURSE-MUTH-4805,40-Course-Descriptions/MUTH-Music-Therapy.md,official_transcription,pending
2026-27,MUTH,Music Therapy,MUTH-4806,Clinical Musicianship IV,1.5,"This is the fourth in a sequence of four classes designed to build clinical musicianship skills which students will need for Music Therapy Practicum and Internship. Students will facilitate interventions including improvisation, receptive methods, composition, and explore integration of other creative arts with music. This class also includes small ensemble work in popular music forms and learning how to set-up and use microphones and amplifiers.",,,,,CMU-UG-2026-27-COURSE-MUTH-4806,40-Course-Descriptions/MUTH-Music-Therapy.md,official_transcription,pending
2026-27,MUTH,Music Therapy,MUTH-4870,Practicum II: Exploring the Clinical Process,3.0,"Supervised field experience with different special populations, working with both groups and individuals. Designing, implementing, documenting, and evaluating clinical experiences. In addition to field placement, the student must attend a weekly on-campus seminar.",a minimum grade of C+ in MUTH-3881,,,,CMU-UG-2026-27-COURSE-MUTH-4870,40-Course-Descriptions/MUTH-Music-Therapy.md,official_transcription,pending
2026-27,MUTH,Music Therapy,MUTH-4880,Practicum III: Senior Practicum,3.0,"Supervised field experience with different special populations, working with both groups and individuals. Designing, implementing, documenting, and evaluating clinical experiences. In addition to field placement, the student must attend a weekly on-campus seminar.",a minimum grade of C+ in MUTH-4870,,,,CMU-UG-2026-27-COURSE-MUTH-4880,40-Course-Descriptions/MUTH-Music-Therapy.md,official_transcription,pending
2026-27,MUTH,Music Therapy,MUTH-5800,Music Therapy Internship,3.0,"Students will complete a 1000-hour Music Therapy Internship at a CAMT approved facility, with on-site clinical supervision by an accredited Music Therapist. The internship must meet Canadian Association for Music Therapy (CAMT) Internship guidelines, particularly the minimum requirement for 300 hours of direct client contact and 50 hours of supervision.",,,,,CMU-UG-2026-27-COURSE-MUTH-5800,40-Course-Descriptions/MUTH-Music-Therapy.md,official_transcription,pending
2026-27,PCTS,Peace and Conflict Transformation Studies,PCTS-1110,Introduction to Peace and Conflict Transformation Studies,3.0,". This course will enable students to develop an understanding of the roots and nature of conflict, violence, and peace. It examines a variety of models for constructive ways to respond to conflict, violence, and peace. Special attention will be given to the question of how to understand conflict in relation to violence and peace, and the complex realities they name. Related themes will be examined from an interdisciplinary perspective.",,,,,CMU-UG-2026-27-COURSE-PCTS-1110,40-Course-Descriptions/PCTS-Peace-and-Conflict-Transformation-Studies.md,official_transcription,pending
2026-27,PCTS,Peace and Conflict Transformation Studies,PCTS-2000,The Project Cycle,3.0,"Time-limited projects remain an important way in which development and other social change assistance are delivered by non-profit agencies. The course will introduce the elements and practices of the project cycle, from identification and planning, through monitoring and evaluation of project implementation, including key issues in the project cycle, such as logical frameworks, managing for results, participatory planning and evaluation, appreciative approaches, and capacity building.",BUSI-1000 or IDS-1110,,,,CMU-UG-2026-27-COURSE-PCTS-2000,40-Course-Descriptions/PCTS-Peace-and-Conflict-Transformation-Studies.md,official_transcription,pending
2026-27,PCTS,Peace and Conflict Transformation Studies,PCTS-2040,Global Issues,3.0,"Many countries around the globe face a similar set of issues as they relate to Indigenous peoples, economic development, religious change, justice and peace, migration, and the environment. These issues take a specific form in Guatemala, a country that has been shaped by a 36-year-long war. This course will examine the following issues through the lens of the Guatemalan context: environment, Mayan culture and spirituality, war and peace, and migration.","24 credit hours of university-level studies, including 3 credit hours of introductory social sciences. This course is available only through CMU’s study abroad programs , Guatemala sites only",,,"the cross-listed courses IDS-2040 or POLS-2041. PCTS-214X Peace Skills Workshop (1.5 credit hours) This workshop course will focus on developing knowledge and competencies in specific peacebuilding and conflict resolution skills. Possible topics include but are not limited to: mediation, nonviolent crisis intervention, conciliation, interfaith dialogue, facilitated meetings, and nonviolent direct action. The topics of the peace skills workshop may change from semester to semester. The workshop will usually be offered in an intensive format over 3 days, usually on a weekend. Instruction will be practice-based",CMU-UG-2026-27-COURSE-PCTS-2040,40-Course-Descriptions/PCTS-Peace-and-Conflict-Transformation-Studies.md,official_transcription,pending
2026-27,PCTS,Peace and Conflict Transformation Studies,PCTS-2221,Restorative Justice,3.0,"Identifies the principles of restorative justice and explores the application of these principles. Includes a critical assessment of victim-offender mediation, and the application of restorative principles within the criminal justice system, as they affect victims, offenders, and the community. Alternative models of the justice system as a whole will also be considered.",PCTS-1110 or SWRK-1000,,,,CMU-UG-2026-27-COURSE-PCTS-2221,40-Course-Descriptions/PCTS-Peace-and-Conflict-Transformation-Studies.md,official_transcription,pending
2026-27,PCTS,Peace and Conflict Transformation Studies,PCTS-2252,Conflict and Networked Communication,3.0,"This course examines the nature of communication networks – from horse riding messengers to AI bots on social media – and their psychological impact on different levels of human conflict analysis (interpersonal, intergroup, and international). The class will review this evolving social psychological and cultural interplay drawing on interdisciplinary readings as well as analyzing historical and contemporary case studies.",PSYC-1010 and PSYC-1020,,,,CMU-UG-2026-27-COURSE-PCTS-2252,40-Course-Descriptions/PCTS-Peace-and-Conflict-Transformation-Studies.md,official_transcription,pending
2026-27,PCTS,Peace and Conflict Transformation Studies,PCTS-2262,"Conflict, Faith, and Community",3.0,This course explores how conflict and conflict transformation are linked to personal faith and life in community. Students will first have the opportunity to investigate what is meant by “faith” and “community.” Students will then explore how faith and community can shape their understanding of conflict and the practice of conflict transformation. Diverse views of conflict and faith developed by secular as well as various religious communities will be examined.,,,,,CMU-UG-2026-27-COURSE-PCTS-2262,40-Course-Descriptions/PCTS-Peace-and-Conflict-Transformation-Studies.md,official_transcription,pending
2026-27,PCTS,Peace and Conflict Transformation Studies,PCTS-2431,Negotiation Theory and Practice,3.0,"This course examines the theory and practice of negotiation, including topics such as negotiating skills, contextual factors, agreement implementation and follow-up, multilateral negotiation, and third-party intervention.",PCTS-1110,,,,CMU-UG-2026-27-COURSE-PCTS-2431,40-Course-Descriptions/PCTS-Peace-and-Conflict-Transformation-Studies.md,official_transcription,pending
2026-27,PCTS,Peace and Conflict Transformation Studies,PCTS-2443,Conflict and Development Issues in Indigenous Communities,3.0,"Within the broad framework of international development and conflict transformation studies, this course explores the dynamics of Indigenous communities globally, with special reference to the Canadian context. Processes of marginalization and underdevelopment will be presented in order to understand Indigenous communities’ social, economic, and political situation.",IDS-1110 or PCTS-1110,,,,CMU-UG-2026-27-COURSE-PCTS-2443,40-Course-Descriptions/PCTS-Peace-and-Conflict-Transformation-Studies.md,official_transcription,pending
2026-27,PCTS,Peace and Conflict Transformation Studies,PCTS-2620,Ecological Peacebuilding,3.0,"This course will explore the role of the ecology in peacebuilding, focusing on relationships between environmental insecurity and conflict, ecological integrity and justice, and on the politics, theory and skills of ecological peacebuilding. Drawing upon a broad range of historical and contemporary case studies, students will be encouraged to apply these insights as part of the learning process.",PCTS-1110,,,,CMU-UG-2026-27-COURSE-PCTS-2620,40-Course-Descriptions/PCTS-Peace-and-Conflict-Transformation-Studies.md,official_transcription,pending
2026-27,PCTS,Peace and Conflict Transformation Studies,PCTS-2810,History and Strategies of Non-Violence,3.0,"Non-violence has a long and rich history, usually overshadowed by history as the story of violence. This course reviews the history of non-violent social change and explores the dynamics of non-violent action. It also examines the motivations and strategies of a variety of non-violent actions.",,,,,CMU-UG-2026-27-COURSE-PCTS-2810,40-Course-Descriptions/PCTS-Peace-and-Conflict-Transformation-Studies.md,official_transcription,pending
2026-27,PCTS,Peace and Conflict Transformation Studies,PCTS-2820,"Aggression, Violence, and War in a Social-Scientific Perspective",3.0,"This course will investigate and assess psychological, sociological, anthropological, and socio-biological perspectives and theories of aggression, violence, and war. Case studies will be used to test the applicability of these theories and their usefulness for approaching peacebuilding work.","PCTS-1110, PSYC-1020, SOCI-1110, or both ANTH-1610 and ANTH-1620",,,,CMU-UG-2026-27-COURSE-PCTS-2820,40-Course-Descriptions/PCTS-Peace-and-Conflict-Transformation-Studies.md,official_transcription,pending
2026-27,PCTS,Peace and Conflict Transformation Studies,PCTS-2950,Topics in Peace and Conflict Transformation Studies,3.0,"The content of this course will vary from year to year, depending on the needs of students and the interests and availability of instructors.",,,,,CMU-UG-2026-27-COURSE-PCTS-2950,40-Course-Descriptions/PCTS-Peace-and-Conflict-Transformation-Studies.md,official_transcription,pending
2026-27,PCTS,Peace and Conflict Transformation Studies,PCTS-3070,Peace Psychology,3.0,"Peace psychology examines how individual differences and intergroup dynamics contribute to the escalation and de ‑ escalation of conflict. Engaging theory, empirical research, and applied practice from diverse conflict contexts, this course introduces psychological frameworks for analyzing and evaluating peacebuilding interventions, including their long ‑ term durability. Topics include violent mobilization, resistance and resilience, victim–perpetrator relations, the political economy of peace, reconciliation, and sustainable peacebuilding.","30 credit hours of university-level studies, including PSYC-1020",,,,CMU-UG-2026-27-COURSE-PCTS-3070,40-Course-Descriptions/PCTS-Peace-and-Conflict-Transformation-Studies.md,official_transcription,pending
2026-27,PCTS,Peace and Conflict Transformation Studies,PCTS-3100,Models for Peace and Conflict Transformation,3.0,"This course examines integrative models of social change, which hold together peace, development, justice, and identity issues. Using such models requires the multifaceted tasks of critical analysis of structural violence and direct violence, nurturing justice through human development, proactive building of dynamic peace cultures, and responding to crises in ways that build on local cultural and faith traditions and that witness to a sustainable and peaceable future.",,,,,CMU-UG-2026-27-COURSE-PCTS-3100,40-Course-Descriptions/PCTS-Peace-and-Conflict-Transformation-Studies.md,official_transcription,pending
2026-27,PCTS,Peace and Conflict Transformation Studies,PCTS-3120,"Cultures of Violence, Cultures of Peace",3.0,"A multi-layered examination of peace and violence from the perspective of culture, addressing questions such as: How are attitudes towards peace and violence reflected in the way cultures enact discipline, security, education, reconciliation, etc.? How are peace and violence reflected in expressions of popular culture and various sub-cultures? How are peace and violence modelled in relationships between different cultures? How might the very idea of culture be questioned through the lens of peace?","30 credit hours of university-level studies, including PCTS-1110 or SWRK-1000",,,,CMU-UG-2026-27-COURSE-PCTS-3120,40-Course-Descriptions/PCTS-Peace-and-Conflict-Transformation-Studies.md,official_transcription,pending
2026-27,PCTS,Peace and Conflict Transformation Studies,PCTS-3180,Role of Complaint in Peacebuilding,3.0,"Building on the dialogues between the biblical figure of Job and his friends, this course will examine the causes and consequences of prejudice against legitimate complaint and develop ways to positively intervene in such situations in churches and other institutions. Students will develop final projects in chosen areas of Bible, ethics, or practical theology in conversation with insights from theology, sociology, and psychology with options for pursuing interdisciplinary work in peacebuilding.",30 credit hours of university-level studies,,,,CMU-UG-2026-27-COURSE-PCTS-3180,40-Course-Descriptions/PCTS-Peace-and-Conflict-Transformation-Studies.md,official_transcription,pending
2026-27,PCTS,Peace and Conflict Transformation Studies,PCTS-3221,Advanced Transformative Justice,3.0,"In Advanced Transformative Justice students will deepen their earlier understanding of transformative justice principles, including post-colonial perspectives critical of the ""professionalizing"" of the field and will include an emphasis on Indigenous justice-making initiatives. Students will learn about the practical applications of Transformative Justice through a series of site visits to organizations in Winnipeg. Students will be encouraged to understand Transformative Justice as more than a supplement to criminal justice systems but rather as a potentially transformative force within various societies and states through experiential learning, classroom inputs, guest speakers and class discussions.",,,,,CMU-UG-2026-27-COURSE-PCTS-3221,40-Course-Descriptions/PCTS-Peace-and-Conflict-Transformation-Studies.md,official_transcription,pending
2026-27,PCTS,Peace and Conflict Transformation Studies,PCTS-3240,Workplace Conflict Resolution,3.0,"This course will examine contemporary workplace issues, causes of workplace conflict and a variety of responses such as negotiation, conciliation, mediation, grievance procedures, and arbitration as well as tribunals such as labour relations boards and human rights commissions. Issues to be examined may include violence, bullying, harassment, organizational culture, constructive dismissal, and other workplace concerns.","30 credit hours of university-level studies, including BUSI-2020, PCTS-1110, or PSYC-2020",,,,CMU-UG-2026-27-COURSE-PCTS-3240,40-Course-Descriptions/PCTS-Peace-and-Conflict-Transformation-Studies.md,official_transcription,pending
2026-27,PCTS,Peace and Conflict Transformation Studies,PCTS-3500,Journalism and Peacebuilding,3.0,"There is evidence on a daily basis of the power of media to fuel or mitigate conflict in our world. This course investigates what is possible when journalism practice is informed by nonviolent responses to conflict. The course draws from a growing scholarly and practitioner-based dialogue that is known as peace journalism. A series of case studies will investigate theoretical models and strategies of peace journalism practice. The aim of the course is to elaborate and exemplify peace journalism, conflict-sensitive reporting, participatory journalism and related issues.","30 credit hours of university-level studies, including one of COMM-1000, COMM-2060, or PCTS-1110",,,,CMU-UG-2026-27-COURSE-PCTS-3500,40-Course-Descriptions/PCTS-Peace-and-Conflict-Transformation-Studies.md,official_transcription,pending
2026-27,PCTS,Peace and Conflict Transformation Studies,PCTS-3600,Doing Peace: From Theory to Practice,3.0,"Peacebuilding is a creative, dynamic art. Through an examination of local, national, and international case studies of peacebuilding, and through careful reflection on the dynamics of conflict transformation and peacebuilding, this course seeks to nurture students’ strategic imaginations and creative capacities as artisans of peace.",,,,,CMU-UG-2026-27-COURSE-PCTS-3600,40-Course-Descriptions/PCTS-Peace-and-Conflict-Transformation-Studies.md,official_transcription,pending
2026-27,PCTS,Peace and Conflict Transformation Studies,PCTS-3700,Ethics of Peacebuilding,3.0,"This course explores ethical challenges and dilemmas that occur in peacebuilding within conflict-impacted contexts. Peacebuilding theorizing revolves around the following questions: Who has agency in peacebuilding? How do we know whether we are doing peacebuilding well? What questions should we ask? It is important both to explore the practicalities of building peace and to analyze the assumptions underlying the peacebuilding work. The course will examine the extent to which ethical concerns influence and inform peacebuilding; analyze on-the-ground practices, as well as the values and worldviews embedded in peacebuilding efforts; and explore creative possibilities for addressing these discoveries. Students will be introduced to case studies and ethical frameworks to ground the discussion.",,,,,CMU-UG-2026-27-COURSE-PCTS-3700,40-Course-Descriptions/PCTS-Peace-and-Conflict-Transformation-Studies.md,official_transcription,pending
2026-27,PCTS,Peace and Conflict Transformation Studies,PCTS-3780,Interfaith and Intercultural Encounters,3.0,"Interfaith and intercultural encounters are part of everyday life and may involve indifference, conflict, or violence, a surface ‑ level tolerance or co ‑ existence, or mutual learning and flourishing. This course examines how such encounters shape personal, social, ecclesial, and political life. Drawing on Christian traditions along with Indigenous, Jewish, Islamic, and other perspectives, students consider how encounters with “the other” can foster respect, dignity, and human flourishing.",30 credit hours of university-level studies,,,,CMU-UG-2026-27-COURSE-PCTS-3780,40-Course-Descriptions/PCTS-Peace-and-Conflict-Transformation-Studies.md,official_transcription,pending
2026-27,PCTS,Peace and Conflict Transformation Studies,PCTS-3800,Whose Violence? Which Peace?,3.0,"The art of naming peace and violence well requires an appreciation of the different and related varieties of peace and violence. It also requires an understanding of how peace and violence are bound up with a variety of complex related practices and realities that might not appear on the surface to be relevant matters. For example, what do speed, technology, media, and virtual reality have to do with questions of violence and peace? What difference does it make if we think about peace and violence in terms of the categories of nation-state, civil society, or church?","PCTS-1110 or 30 credit hours of university-level studies, including or 6 credit-hours of Philosophy",,,,CMU-UG-2026-27-COURSE-PCTS-3800,40-Course-Descriptions/PCTS-Peace-and-Conflict-Transformation-Studies.md,official_transcription,pending
2026-27,PCTS,Peace and Conflict Transformation Studies,PCTS-3850,Just War Traditions,3.0,"This course seeks to explore how justice is related to questions of peace and violence through an examination of the history and logic of the just war tradition. Characteristic themes of the just war tradition will be studied, such as the distinction between killing and murder, the presumption against violence, non-combatant immunity, the possibility of honourable defeat, and war as last resort. Special attention will be given to understanding the changing character of the just war tradition in its transition through medieval Christian to modern secular contexts.",,,,,CMU-UG-2026-27-COURSE-PCTS-3850,40-Course-Descriptions/PCTS-Peace-and-Conflict-Transformation-Studies.md,official_transcription,pending
2026-27,PCTS,Peace and Conflict Transformation Studies,PCTS-3950,Topics in Peace and Conflict Transformation Studies,3.0,"The content of this course will vary from year to year, depending on the needs of students and the interests and availability of instructors.",,,,,CMU-UG-2026-27-COURSE-PCTS-3950,40-Course-Descriptions/PCTS-Peace-and-Conflict-Transformation-Studies.md,official_transcription,pending
2026-27,PCTS,Peace and Conflict Transformation Studies,PCTS-4000,Thesis in Peace and Conflict Transformation Studies,6.0,"This course is restricted to students completing the Bachelor of Arts, four-year major in Peace and Conflict Transformation Studies. Eligible students should refer to the Thesis Writing Procedures in the Academic Policies section of this calendar.",,,,,CMU-UG-2026-27-COURSE-PCTS-4000,40-Course-Descriptions/PCTS-Peace-and-Conflict-Transformation-Studies.md,official_transcription,pending
2026-27,PCTS,Peace and Conflict Transformation Studies,PCTS-4010,Senior Seminar Identity and Intersectionality,3.0,"This course critically examines the complex and diverse ways intersectionality is used as an interpretive framework across disciplines to examine identity. We will explore how intersectionality can be understood as a paradigm, theory, concept, practice, and methodology to study identity. This course will consider how gender, sex, culture, faith and religion, class, ability, and political realities are factors in identity, and we will examine how identity and intersectionality connect to histories of violence and oppression, as well as to human survival, persistence, and resistance.","60 credit hours of university-level studies, including 12 credit hours in Psychology or Peace and Conflict Transformation Studies",,,,CMU-UG-2026-27-COURSE-PCTS-4010,40-Course-Descriptions/PCTS-Peace-and-Conflict-Transformation-Studies.md,official_transcription,pending
2026-27,PCTS,Peace and Conflict Transformation Studies,PCTS-4100,Senior Seminar in Social Change,3.0,"In this capstone seminar, students review and compare inter-disciplinary and discipline-based approaches to social change, including issues in peacebuilding and conflict transformation, social and economic development, environmental sustainability, and democratization and social movements. Using a seminar format, students will examine contending theories of social change, and address questions of power, interpretation, ethics, commitments, and virtues in understanding and working for social change. These examinations will allow students to explore ways of integrating theories and practices and articulate their own understanding and ethics of social change.","60 credit hours of university level studies, including 18 credit hours in GEOG, IDS, PCTS, POLS, PSYC, or SOCI. It is recommended that the Work-Integrated Learning (WIL) requirement be completed prior to taking this course",,,,CMU-UG-2026-27-COURSE-PCTS-4100,40-Course-Descriptions/PCTS-Peace-and-Conflict-Transformation-Studies.md,official_transcription,pending
2026-27,PCTS,Peace and Conflict Transformation Studies,PCTS-4240,Workplace Conflict Resolution Systems Design,3.0,"The course is designed to develop an understanding of the nature and causes of conflict in the workplace and the implementation of conflict resolution systems within the organization. Areas of study include systems design related to the organizational culture, context, and structure. It examines past and current conflict resolution systems, structures that are necessary to support conflict management systems, and emerging trends in workplace dispute systems design. The course then studies organizational advantages and disadvantages of investing in dispute systems design.",BUSI-3240 or PCTS-3240,,,,CMU-UG-2026-27-COURSE-PCTS-4240,40-Course-Descriptions/PCTS-Peace-and-Conflict-Transformation-Studies.md,official_transcription,pending
2026-27,PCTS,Peace and Conflict Transformation Studies,PCTS-4800,Faiths Seeking Justice,3.0,"Because religiously pluralistic landscapes are increasingly part of the lived realities of many, the course will analyze how different religious traditions draw from their cherished oral and textual sources to imagine justice-seeking in the world. Recognizing that justice might resonate differently for different faith traditions, the course privileges pursuits for justice as necessarily interfaith pursuits and that we will be better together when we understand each other’s religious pursuits as pursuits of justice in which our common humanity is at stake.",30 credit hours of university-level studies,,,,CMU-UG-2026-27-COURSE-PCTS-4800,40-Course-Descriptions/PCTS-Peace-and-Conflict-Transformation-Studies.md,official_transcription,pending
2026-27,PCTS,Peace and Conflict Transformation Studies,PCTS-4920,Program Planning in Development and Conflict Resolution,3.0,"Program planning is a critical first step in most interventions by development and conflict resolution organizations. This course covers blueprint planning required for preparation of funding proposals and various forms of strategic and participatory planning required for the application of results-based management and learning approaches during program implementation. Current debates regarding approaches to planning are also reviewed. Students acquire skills necessary for conceptualizing and implementing international or domestic projects undertaken by non-governmental organizations: needs assessment, goal and purpose identification, formulation of logframe, work plan and budget, and preparation of a funding proposal.","30 credit hours of university-level studies, including IDS-1110 or PCTS-1110",,,,CMU-UG-2026-27-COURSE-PCTS-4920,40-Course-Descriptions/PCTS-Peace-and-Conflict-Transformation-Studies.md,official_transcription,pending
2026-27,PCTS,Peace and Conflict Transformation Studies,PCTS-4940,Independent Study in PCTS,3.0,A study in a specific area of IDS under the direction of a faculty member,,,,,CMU-UG-2026-27-COURSE-PCTS-4940,40-Course-Descriptions/PCTS-Peace-and-Conflict-Transformation-Studies.md,official_transcription,pending
2026-27,PCTS,Peace and Conflict Transformation Studies,PCTS-4950,Topics in Peace and Conflict Transformation Studies,3.0,"The content of this course will vary from year to year, depending on the needs of students and the interests and availability of instructors.",,,,,CMU-UG-2026-27-COURSE-PCTS-4950,40-Course-Descriptions/PCTS-Peace-and-Conflict-Transformation-Studies.md,official_transcription,pending
2026-27,PHIL,Philosophy,PHIL-1000,The Task of Philosophy I: The Question of Reality,3.0,"In the ancient and medieval world, the task of philosophy was concerned with the formation and transformation of the self in the hope that it might be consistent with a certain vision of the world—the world of reality rather than the illusory world of mere appearance. This course explores some of the different ways ancient and medieval philosophers understood the self and the visions of the real world in which it strives to participate.",,,,,CMU-UG-2026-27-COURSE-PHIL-1000,40-Course-Descriptions/PHIL-Philosophy.md,official_transcription,pending
2026-27,PHIL,Philosophy,PHIL-1010,The Task of Philosophy II: The Question of Knowledge,3.0,"Modern philosophy is often described as being preoccupied with the question of knowledge. More specifically, it defines knowledge in terms of a relationship between knowing subjects and an external, objective world. This course examines the story of modern philosophy’s apparent turn to knowledge and explores some ways in which contemporary philosophers have raised questions about that project.",,,,,CMU-UG-2026-27-COURSE-PHIL-1010,40-Course-Descriptions/PHIL-Philosophy.md,official_transcription,pending
2026-27,PHIL,Philosophy,PHIL-2020,Postmodern Philosophy,3.0,"An examination of several key themes of postmodern philosophy, including the interrelationship between power and knowledge, otherness, difference, madness, punishment, multiplicity, deconstruction, and gift. Special attention will be given to the work of Michel Foucault, Jacques Derrida, and Gilles Deleuze.",,,,,CMU-UG-2026-27-COURSE-PHIL-2020,40-Course-Descriptions/PHIL-Philosophy.md,official_transcription,pending
2026-27,PHIL,Philosophy,PHIL-2030,"Aquinas and Wittgenstein: Language, Reality, and God",3.0,"An examination of the philosophy of Thomas Aquinas and Ludwig Wittgenstein, focusing on questions concerning the meaning of language, the nature of reality, and the possibility of human talk about God. Special attention will be given to an exploration of the implications of our understanding of language for how and what we think about reality, knowledge, the self, ethics, and God.",,,,,CMU-UG-2026-27-COURSE-PHIL-2030,40-Course-Descriptions/PHIL-Philosophy.md,official_transcription,pending
2026-27,PHIL,Philosophy,PHIL-2050,An Introduction to Metaphysics: What is Nature?,3.0,"The purpose of this course is to introduce students to several different visions of what nature is and what human flourishing involves. In the course of understanding and evaluating these visions, students will become acquainted with central topics in metaphysics such as the problem of free will, the relationship between the mental and the physical, whether values such as goodness and beauty exist, and the nature and existence of God.",,,,,CMU-UG-2026-27-COURSE-PHIL-2050,40-Course-Descriptions/PHIL-Philosophy.md,official_transcription,pending
2026-27,PHIL,Philosophy,PHIL-2060,"Hegel and Kierkegaard: Subjectivity, System, and Paradox",3.0,"For Hegel, philosophy is defined by its systematic character, its movement towards a resolution. Kierkegaard, by contrast, was resolutely anti-systematic, emphasizing paradox and the necessity of proceeding in the absence of reasoned justifications. Focusing on Hegel and Kierkegaard, this course examines some basic options in 19 th Century philosophy. Topics to be considered include the Absolute, Spirit, transcendence, subjectivity, love, paradox, sacrifice, choice, and the possibility of repetition.",,,,,CMU-UG-2026-27-COURSE-PHIL-2060,40-Course-Descriptions/PHIL-Philosophy.md,official_transcription,pending
2026-27,PHIL,Philosophy,PHIL-2080,The Ethics of Love,3.0,"The purpose of this course is to examine the suitability of love as the focus of ethical inquiry and action. In doing so we will: 1) ask whether love can be obligated; 2) examine the manner in which love attends; 3) consider the suitability of the distinction between religious and philosophical ethics. We will pursue these questions through reading a variety of authors including Plato, Augustine, and Kierkegaard.",,,,,CMU-UG-2026-27-COURSE-PHIL-2080,40-Course-Descriptions/PHIL-Philosophy.md,official_transcription,pending
2026-27,PHIL,Philosophy,PHIL-2090,Philosophical Investigations on Death and Dying,3.0,"This course brings together two approaches to the study of death and dying. First, it draws on ancient and modern philosophical analyses of whether a good life is possible and what it involves. Second, it draws on more focused analyses of the social, political, and medical issues that surround death and dying today. By this combination of sources, this course seeks to understand and raise critical questions about death and dying in modern society.",,,,,CMU-UG-2026-27-COURSE-PHIL-2090,40-Course-Descriptions/PHIL-Philosophy.md,official_transcription,pending
2026-27,PHIL,Philosophy,PHIL-2100,The Self and Its Sources,3.0,"This course explores the idea that our identity is produced both in relation to other persons and in relation to the larger political and historical contexts that surround us. The course will focus on two questions in particular. First, is God among the persons that produce our identity, and if so, how does God impinge upon and produce our identity? Second, if our identity is a product of political, social, and historical factors, what are the consequences for thinking about personal responsibility?",,,,,CMU-UG-2026-27-COURSE-PHIL-2100,40-Course-Descriptions/PHIL-Philosophy.md,official_transcription,pending
2026-27,PHIL,Philosophy,PHIL-2110,Popular Philosophy,3.0,"What does philosophy look like when it is produced for a popular audience and not just for professional philosophers? What sorts of concerns are contemporary philosophers thinking about? How do they engage and frame the key issues of the contemporary moment? This course examines philosophy as it is presented in magazines, podcasts, and other forms of popular media. What gets covered will be determined by what becomes available during the time the course is being taught.",,,,,CMU-UG-2026-27-COURSE-PHIL-2110,40-Course-Descriptions/PHIL-Philosophy.md,official_transcription,pending
2026-27,PHIL,Philosophy,PHIL-2590,Spinoza and His Mennonite Friends,3.0,"Benedict Spinoza (1632-1677) was one of the most important philosophers of the early modern period. He was also a very close friend to a substantial group of Mennonites. In addition to publishing his work and providing him with financial support, they were also key conversation partners who helped Spinoza to develop and refine his philosophical work. This course serves as an introduction to Spinoza’s thought, historical context, and legacy. In paying close attention to his Mennonite collaborators and the world in which they lived, it will also provide a window into aspects of historical Mennonite life and thought that tend to be somewhat underappreciated.",,,,,CMU-UG-2026-27-COURSE-PHIL-2590,40-Course-Descriptions/PHIL-Philosophy.md,official_transcription,pending
2026-27,PHIL,Philosophy,PHIL-2600,Social and Political Philosophy,3.0,"What is human nature? Should society be organized to reflect this? What is justice? Are states coercive by nature? How does property inform politics? What is ethical citizenship? These questions are explored through a survey of Western political thinkers including Plato, Aristotle, Machiavelli, Hobbes, Locke, Rousseau, de Gouges, Burke, Wollstonecraft, Mill, and Marx, and by examining their contemporary legacy.",,,,,CMU-UG-2026-27-COURSE-PHIL-2600,40-Course-Descriptions/PHIL-Philosophy.md,official_transcription,pending
2026-27,PHIL,Philosophy,PHIL-2700,Disability and Difference: Philosophical and Theological Perspectives,3.0,"The study of physical and mental disability offers the opportunity to discover both the problems and the potential of central philosophical and theological concerns: free will, reason, morality, solidarity, suffering, sin, and salvation, among others. Our goal in this class is to begin to see the indispensability of disability for our own self-understanding. Readings from ancient, modern, and contemporary authors will be included, from a variety of philosophical and theological perspectives, including the perspectives of persons with disabilities.",,,,,CMU-UG-2026-27-COURSE-PHIL-2700,40-Course-Descriptions/PHIL-Philosophy.md,official_transcription,pending
2026-27,PHIL,Philosophy,PHIL-2770,Animal Life: Philosophical and Theological Investigations,3.0,"How are we to understand the relationship between human and non-human animals? In what ways do animals communicate and use language? In what ways might they be said to think? Is it appropriate to treat animals as moral agents? What sorts of theological questions are at stake when we refer to animals as creatures? By attending to these sorts of questions, this course will examine the question of animal life as it is approached in the work of recent philosophy and theology.",,,,,CMU-UG-2026-27-COURSE-PHIL-2770,40-Course-Descriptions/PHIL-Philosophy.md,official_transcription,pending
2026-27,PHIL,Philosophy,PHIL-2950,Topics in Philosophy,3.0,"The content of this course will vary from year to year, depending on the needs of students and the interests and availability of instructors.",,,,,CMU-UG-2026-27-COURSE-PHIL-2950,40-Course-Descriptions/PHIL-Philosophy.md,official_transcription,pending
2026-27,PHIL,Philosophy,PHIL-3000,Philosophy of Mathematics,3.0,"The philosophy of mathematics includes matters of metaphysics, semantics, and epistemology. This course will provide an overview of the philosophy of mathematics, including (1) the views of some historical philosophers of mathematics, from Plato and Aristotle to Immanuel Kant and John Stuart Mill, (2) the three major positions of the twentieth century, namely, logicism, intuitionism, and formalism, and (3) some contemporary accounts of mathematics, such as ontological realism, anti-realism, and structuralism.","30 credit hours of university-level studies, including a minimum grade of C in MATH-1040",,,,CMU-UG-2026-27-COURSE-PHIL-3000,40-Course-Descriptions/PHIL-Philosophy.md,official_transcription,pending
2026-27,PHIL,Philosophy,PHIL-3010,"Existentialism: Dostoevsky, Kierkegaard, and Nietzsche",3.0,"This course will examine select writings of authors who are described as “existentialist.” Possible authors to be studied include: Kierkegaard, Dostoevsky, Nietzsche, Weil, Camus, and de Beauvoir. Broadly speaking, an author can be classified as “existentialist” if their primary concern is to discern the truth of the human person beyond the concepts and categories supplied by the natural, social, psychological, and moral sciences. We will evaluate the authors’ critiques of these various frameworks as well as the forms of individual and social life they advocate in place of them.",30 credit hours of university-level studies,,,,CMU-UG-2026-27-COURSE-PHIL-3010,40-Course-Descriptions/PHIL-Philosophy.md,official_transcription,pending
2026-27,PHIL,Philosophy,PHIL-3060,Introductory Logic,3.0,"An introduction to the semantics of philosophical logic, which is the mathematics of propositions. The course covers classical logical theory, the foundation for mathematical proof, and also some rival logics. These include incomplete logic, in which some statements are neither true nor false; inconsistent logic, in which some statements are both true and false; and free logic, in which statements can be made about objects that do not exist.",MATH-1040 or MATH-2000. Prerequisite(s) may be taken concurrently with the course,,,,CMU-UG-2026-27-COURSE-PHIL-3060,40-Course-Descriptions/PHIL-Philosophy.md,official_transcription,pending
2026-27,PHIL,Philosophy,PHIL-3100,Ethical Living in a Technological Society,3.0,"This course will examine the implications of living in a technological society for our understandings of self, society, and Christian faith. The course will explore the historical roots of modern technology and the closely related domains of science and economics as well as a range of related philosophical, historical, psychological, and sociological critiques. Emphasis will be placed on identifying creative options for living “faithfully” within a technological society.","30 credit hours of university-level studies, including SOCI-1110",,,,CMU-UG-2026-27-COURSE-PHIL-3100,40-Course-Descriptions/PHIL-Philosophy.md,official_transcription,pending
2026-27,PHIL,Philosophy,PHIL-3120,Dante: The Divine Comedy,3.0,"When, at the mid-point of his life, Dante found himself in the midst of a crisis, he turned to the dead to help him find his way. Equal parts literature, poetry, history, politics, philosophy, and theology, this course will follow Dante’s epic journey through hell, purgatory, and heaven as recorded in the Divine Comedy .","6 credit hours of introductory English (1010-1050), including one of ENGL-1010, ENGL-1020, or ENGL-1050, or 6 credit hours of 1000- or 2000-level Philosophy",,,,CMU-UG-2026-27-COURSE-PHIL-3120,40-Course-Descriptions/PHIL-Philosophy.md,official_transcription,pending
2026-27,PHIL,Philosophy,PHIL-3130,Being in the World: Heidegger and Merleau-Ponty,3.0,"Martin Heidegger and Maurice Merleau-Ponty both seek to liberate philosophy from a certain approach to the question of being. Despite significant differences, they both seek to rescue being from the dualism of subject and object, preferring to speak instead about “being-in-the-world.” From Heidegger’s rethinking of being in relation to time to Merleau-Ponty’s accounts of the body, depth, and intercorporeality, we will explore their debates about being, self, knowledge, experience, care, and death, among other important questions.",,,,,CMU-UG-2026-27-COURSE-PHIL-3130,40-Course-Descriptions/PHIL-Philosophy.md,official_transcription,pending
2026-27,PHIL,Philosophy,PHIL-3230,"Women in Philosophy II: Arendt, De Beuvoir, Rand, and Weil",3.0,"In the middle of the 20 th century, while much of the world was preoccupied with the events of World War II, four remarkable women from France, Germany, and Russia were responding to the horrors of the war by undertaking new developments in the world of philosophy. By studying the lives and works of these four women—Hannah Arendt, Simone De Beauvoir, Ayn Rand, and Simone Weil—this course will serve as an opportunity to explore some foundational philosophical contributions of the 20 th century.",,,,,CMU-UG-2026-27-COURSE-PHIL-3230,40-Course-Descriptions/PHIL-Philosophy.md,official_transcription,pending
2026-27,PHIL,Philosophy,PHIL-3700,The City and the Soul: Encountering Winnipeg Through The Wire,3.0,This course takes up the longstanding analogy of the city and the soul and explores it in the context of the contemporary city. Through an extended reading of The Wire —a critically acclaimed TV drama about the city—it invites students to reflect on what it might mean to pursue the good life in Winnipeg.,"30 credit hours of university-level studies, including 6 credit hours of Philosophy",,,,CMU-UG-2026-27-COURSE-PHIL-3700,40-Course-Descriptions/PHIL-Philosophy.md,official_transcription,pending
2026-27,PHIL,Philosophy,PHIL-3750,"Shakespeare, Philosophy, and Religion",3.0,"Taking a cue from the American philosopher Stanley Cavell, this course places the work of Shakespeare into conversation with early modern philosophy and religion. In particular, it will explore the claim that Shakespeare’s tragic and post-tragic plays—Othello, King Lear, The Winters Tale, The Tempest—are responding in different ways to the same challenges associated with early modern philosophers such as René Descartes. Finally, it will examine how these issues play out in early modern religious life and thought.",30 credit hours of university-level studies,,,,CMU-UG-2026-27-COURSE-PHIL-3750,40-Course-Descriptions/PHIL-Philosophy.md,official_transcription,pending
2026-27,PHIL,Philosophy,PHIL-3800,Whose Violence? Which Peace?,3.0,"The art of naming peace and violence well requires an appreciation of the different and related varieties of peace and violence. It also requires an understanding of how peace and violence are bound up with a variety of complex related practices and realities that might not appear on the surface to be relevant matters. For example, what do speed, technology, media, and virtual reality have to do with questions of violence and peace? What difference does it make if we think about peace and violence in terms of the categories of nation-state, civil society, or church?","30 credit hours of university-level studies, including either PCTS-1110 or 6 credit hours of Philosophy",,,,CMU-UG-2026-27-COURSE-PHIL-3800,40-Course-Descriptions/PHIL-Philosophy.md,official_transcription,pending
2026-27,PHIL,Philosophy,PHIL-3950,Topics in Philosophy,3.0,"The content of this course will vary from year to year, depending on the needs of students and the interests and availability of instructors.",,,,,CMU-UG-2026-27-COURSE-PHIL-3950,40-Course-Descriptions/PHIL-Philosophy.md,official_transcription,pending
2026-27,PHIL,Philosophy,PHIL-4830,The Secular: Philosophical and Theological Investigations,3.0,"This course explores the concept of the secular by examining the following sorts of questions. How, why, and where did the concept of the secular come into being? How are the religious and secular spheres positioned relative to one another? How are some recent religious and political movements to be understood vis-à-vis the distinction between the religious and the secular? Must religion and the secular be understood in opposition to one another? What might a post-secular theology look like? What might a secular faith look like?",60 credit hours of university-level studies,,,,CMU-UG-2026-27-COURSE-PHIL-4830,40-Course-Descriptions/PHIL-Philosophy.md,official_transcription,pending
2026-27,PHIL,Philosophy,PHIL-4940,Independent Study in Philosophy,3.0,A study in a specific area of Philosophy under the direction of a faculty member.,,,,,CMU-UG-2026-27-COURSE-PHIL-4940,40-Course-Descriptions/PHIL-Philosophy.md,official_transcription,pending
2026-27,PHIL,Philosophy,PHIL-4950,Topics in Philosophy,3.0,"The content of this course will vary from year to year, depending on the needs of students and the interests and availability of instructors.",,,,,CMU-UG-2026-27-COURSE-PHIL-4950,40-Course-Descriptions/PHIL-Philosophy.md,official_transcription,pending
2026-27,PHED,Physical Education,PHED-1000,Foundations of Physical Education and Exercise Science,3.0,"Introduction to physical education and exercise science as a profession and a discipline, including an overview of the sub disciplines, resources, and careers; a personal physical assessment; and principles for achieving physical fitness. The study of physical education will take into account the health of the whole person.",,,,,CMU-UG-2026-27-COURSE-PHED-1000,40-Course-Descriptions/PHED-Physical-Education.md,official_transcription,pending
2026-27,PHED,Physical Education,PHED-2000,Growth and Motor Development,3.0,"A study of physical growth and motor development from conception to adolescence, with implications for physical activity programs.",,,,,CMU-UG-2026-27-COURSE-PHED-2000,40-Course-Descriptions/PHED-Physical-Education.md,official_transcription,pending
2026-27,PHED,Physical Education,PHED-2100,Coaching Theory and Practice,3.0,"An introduction to the theoretical and practical aspects of coaching in the community and at the school level. It will include examination of topics of philosophical, psychological, ethical, and technical significance for coaching. The course will prepare students for certification in the National Coaching Certification Program at the Competition Introduction level.",,,,,CMU-UG-2026-27-COURSE-PHED-2100,40-Course-Descriptions/PHED-Physical-Education.md,official_transcription,pending
2026-27,PHYS,Physics,PHYS-1010,Physics I: Mechanics of Movement,3.0,"This calculus-based course is an introduction to Classical Mechanics: the study of how objects move and why they move the way they do. This comprehensive course will treat vectors, and linear and rotational motion along with the relevant conservation laws. Applications to a wide range of phenomena will be explored, including biological phenomena.",Physics 40S. Recommended prerequisite(s): MATH-1020,,,,CMU-UG-2026-27-COURSE-PHYS-1010,40-Course-Descriptions/PHYS-Physics.md,official_transcription,pending
2026-27,PHYS,Physics,PHYS-1020,Physics II: Oscillations and Waves,3.0,"Oscillations and waves are at the heart of our universe. This calculus-based course will explore these phenomena and how they underlie the behaviour of light and sound and the hidden world of quantum mechanics, with special emphasis on their applications to the life sciences. Specific topics include superposition and interference of waves, wave and ray optics, wave-particle duality, and quantum-mechanical wave functions.",PHYS-1010. Recommended prerequisite(s): MATH-1030,,,,CMU-UG-2026-27-COURSE-PHYS-1020,40-Course-Descriptions/PHYS-Physics.md,official_transcription,pending
2026-27,PHYS,Physics,PHYS-2010,Electromagnetic Field Theory,3.0,"An introduction to the theory of electromagnetism. Topics to be covered include the electric field, electric potential, Gauss' law, capacitors, dielectric materials, magnetic fields, Ampere's law, magnetic induction, magnetic materials, displacement current, and Maxwell's equations.",A minimum grade of C in both MATH-1030 and PHYS-1010,,,"the cross-listed course MATH-2011. PHYS-2100: Quantum Physics I (3.0 credit hours) This course introduces the basic features of quantum mechanics, which is the foundation of modern technologies such as lasers, transistors, and solar cells. It begins with the problem of cavity radiation and normal modes, introduces Planck’s quantization postulate, and leads to the Schrodinger theory of quantum mechanics, with emphasis placed on the solutions to the Schrodinger wave equation in one dimension",CMU-UG-2026-27-COURSE-PHYS-2010,40-Course-Descriptions/PHYS-Physics.md,official_transcription,pending
2026-27,PHYS,Physics,PHYS-3800,Biophysics,3.0,"Introduction to mathematical modeling and physics-based approaches used to represent biological systems. Biophysical topics include thermodynamics, random walks and Brownian motion, electrostatics and the structure of biomolecules, nerve impulses, the quantum mechanical nature of vision, continuum mechanics, and transport phenomena.",MATH-1030 and PHYS-1020. Biology Category: Interdisciplinary Biology,,,,CMU-UG-2026-27-COURSE-PHYS-3800,40-Course-Descriptions/PHYS-Physics.md,official_transcription,pending
2026-27,POLS,Political Studies,POLS-1000,Democracy and Dissent,3.0,"An introductory study of democratic politics and institutions, political ideas, electoral systems, and political culture. The lens of dissent is used to trace the emergence of democracy and its liberal development. Issues to be explored include: the roles of opposition, questions of accountability, the meaning and practice of justice, the evolving implications of citizenship, the crisis of the state under globalization, and the contemporary idea of democracy without dissent.",,,,,CMU-UG-2026-27-COURSE-POLS-1000,40-Course-Descriptions/POLS-Political-Studies.md,official_transcription,pending
2026-27,POLS,Political Studies,POLS-1010,Global Politics,3.0,"An introduction to the fields of International Relations and Comparative Politics with particular emphasis on current global issues. Topics include globalization, American domination, terrorism and security, the changing nature of states, international law and justice, the politics of the environmental crisis, political development, human migration, and the dilemmas of democratization. Active participation in debates, simulation games, and media studies contribute to critical skills that provide insight behind the “political veil.”",,,,,CMU-UG-2026-27-COURSE-POLS-1010,40-Course-Descriptions/POLS-Political-Studies.md,official_transcription,pending
2026-27,POLS,Political Studies,POLS-2000,Social Welfare,3.0,"Explores how economic, political, and ethical theories on society and human nature are manifested in societal responses to human need in providing social services. Includes a survey of the history of social welfare in Canada and a review of the major social welfare institutions. Political Studies Category: Comparative Politics of the North.",,,,,CMU-UG-2026-27-COURSE-POLS-2000,40-Course-Descriptions/POLS-Political-Studies.md,official_transcription,pending
2026-27,POLS,Political Studies,POLS-2010,Welfare in Canada: Origins and Current Challenges,3.0,"This course will explore the historical and contemporary understandings of the contemporary welfare state. The history of welfare as it has emerged and been shaped by Anglophone, Francophone and Indigenous peoples will be the focus. Students will be challenged to reflect on their own privilege and bias via Anti-Oppressive, Anti-Capitalist and Indigenous perspectives of the role of the state in providing welfare. Political Studies Category: Comparative Politics of the North.",,,,,CMU-UG-2026-27-COURSE-POLS-2010,40-Course-Descriptions/POLS-Political-Studies.md,official_transcription,pending
2026-27,POLS,Political Studies,POLS-2040,Business and Labour Law,3.0,"This course introduces the legal environment under which Canadian businesses and organizations operate. As a background the Canadian constitution, courts and legislative system will be discussed. The second part discusses the legal aspects of the most common forms of businesses and organizations in Canada: sole proprietorships, partnerships, cooperatives and corporations. Further discussion will include tort and contract law and labour law in Canada.","BUSI-1000, IDS-1110, POLS-1000, or POLS-1010. Political Studies Category: Comparative Politics of the North",,,,CMU-UG-2026-27-COURSE-POLS-2040,40-Course-Descriptions/POLS-Political-Studies.md,official_transcription,pending
2026-27,POLS,Political Studies,POLS-2041,Global Issues,3.0,"Many countries around the globe face a similar set of issues as they relate to indigenous peoples, economic development, religious change, justice and peace, migration, and the environment. These issues take a specific form in Guatemala, a country that has been shaped by a 36-year-long war. This course will examine the following issues through the lens of the Guatemalan context: environment, Mayan culture and spirituality, war and peace, and migration.","24 credit hours of university-level studies, including 3 credit hours of introductory social sciences. Political Studies Category: World Politics. This course is available only through CMU’s study abroad programs, Guatemala sites only",,,,CMU-UG-2026-27-COURSE-POLS-2041,40-Course-Descriptions/POLS-Political-Studies.md,official_transcription,pending
2026-27,POLS,Political Studies,POLS-2100,History of the United States from 1607,3.0,"A study of the development of the United States of America from its colonial origins to its emergence, four centuries later, as a global superpower. Attention will be given to political, economic, social, and intellectual developments from Jamestown to 9/11. Political Studies Category: Comparative Politics of the North.",,,,,CMU-UG-2026-27-COURSE-POLS-2100,40-Course-Descriptions/POLS-Political-Studies.md,official_transcription,pending
2026-27,POLS,Political Studies,POLS-2110,"The Fifties and Sixties: North America Cold, Cool and Radical",3.0,"An examination of the post-World War II decades of North America in its political, economic, social, and intellectual contexts. Individuals that may be studied include Elvis Presley, Lester Pearson, Ronald Reagan, Tommy Douglas, Martin Luther King Jr., Betty Friedan, Marshall McLuhan, Rachel Carson, Charles Manson, and Pierre Trudeau. Topics may include social revolutions (Quiet Revolution, Civil Rights), politics (Cold War, Great Society, Medicare), body and technology (The Pill, vaccines, organ transplants), youth protest (Beat, Berkeley), and consumer culture. Political Studies Category: Comparative Politics of the North.",,,,,CMU-UG-2026-27-COURSE-POLS-2110,40-Course-Descriptions/POLS-Political-Studies.md,official_transcription,pending
2026-27,POLS,Political Studies,POLS-2120,Peace and Conflict in World Politics,3.0,"A study of large-scale violence, including conventional warfare and “low intensity” warfare (e.g., liberation movements, counter-insurgencies, and terrorism). Consideration is given to the political economy of such violence, including the arms industry and resource wars. What is the role of politics in perpetuating militarism, violence, and in enabling peace? How are conflicts politically mediated through diplomacy, international law, NGO’s, international organizations, etc.? We consider the relation of violence to underdevelopment, environmental degradation, and human rights violations. Political Studies Category: World Politics.",,,,,CMU-UG-2026-27-COURSE-POLS-2120,40-Course-Descriptions/POLS-Political-Studies.md,official_transcription,pending
2026-27,POLS,Political Studies,POLS-2200,Human Rights and Dignity,3.0,"Human rights claim to protect the interests and dignity of people. How do governments, the United Nations, non-governmental organizations, religious groups, corporations, and activists help or impede this process? What is the political and moral place of individuals, communities, law, and justice in the current global reality? Changing and cross-cultural understandings of rights are considered. Political Studies Category: World Politics or Comparative Politics of the South.",,,,,CMU-UG-2026-27-COURSE-POLS-2200,40-Course-Descriptions/POLS-Political-Studies.md,official_transcription,pending
2026-27,POLS,Political Studies,POLS-2300,Canadian Political Issues,3.0,"This thematic course builds upon concepts and knowledge of the Canadian political system acquired in “Introduction to Political Studies.” Examples of themes include: Indigenous people, law, and politics; conscientious objection in Canada; the politics of immigration; community politics; gender and politics; the Church and state in Canada; media and politics; and regional/ cultural politics.",,,,,CMU-UG-2026-27-COURSE-POLS-2300,40-Course-Descriptions/POLS-Political-Studies.md,official_transcription,pending
2026-27,POLS,Political Studies,POLS-2400,Comparative Politics of Development: Africa,3.0,"With Africa as our lens, the course invites a comparative study of how development is informed by the practices and institutions of governance, and by asymmetries of power and resources. The focus is on change in African regimes and their historical response to poverty, civil society’s role in social ordering, and on cultures of governance and public policy in a globalizing context. Themes include: democratization and social movements; civil and regional conflicts; international aid and intervention; refugees; colonialism and post-colonialism; race, ethnicity, religion, class and gender; health and HIV/AIDS; and environmental crises and politics. Political Studies Category: Comparative Politics of the South.",,,,,CMU-UG-2026-27-COURSE-POLS-2400,40-Course-Descriptions/POLS-Political-Studies.md,official_transcription,pending
2026-27,POLS,Political Studies,POLS-2420,Ecological Economics,3.0,"Ecological economics is not merely the study of economics, but a broad, non-technical, and transdisciplinary study of the relationship between humans and the biosphere. Using a long view of history, this course incorporates ideas from across the social and natural sciences to enrich and challenge traditional economic concepts. Topics include the co-evolution of political, economic, and energy systems, the origins of money and inequality, the present scale of ecological decline (including, but not limited to climate change), proposed solutions and barriers to their implementation.",30 credit hours of university-level studies. Political Studies Category: World Politics,,,,CMU-UG-2026-27-COURSE-POLS-2420,40-Course-Descriptions/POLS-Political-Studies.md,official_transcription,pending
2026-27,POLS,Political Studies,POLS-2425,"Citizenship, Land, and Economy",3.0,"Contemporary social, ecological, and financial challenges might be viewed as symptoms of a deeper spiritual and cultural conflict: separation from one another, our inner-beings, and the land. We will examine adaptive (and maladaptive) governance and lifestyle possibilities that might foster re/connections to people and place. Themes include the appropriate use of technology, the concept of work, traditional knowledge, gift cultures, the social safety net, alternative financial instruments, biological infrastructure, and other examples from around the world.",POLS-1000. Political Studies Category: Comparative Politics of the North,,,,CMU-UG-2026-27-COURSE-POLS-2425,40-Course-Descriptions/POLS-Political-Studies.md,official_transcription,pending
2026-27,POLS,Political Studies,POLS-2500,Social Entrepreneurship,3.0,"In this course, we refer to a range of business classifications that blend social, ecological, and financial value between the public and private sectors. The course identifies unique opportunities for the sector, explore organizational and management issues specific to social enterprises, review the history of social enterprise structures, and critically review their impacts. We will also consider the value of the “entrepreneurial” approach, including attitudes towards risk tolerance, experimentation, and problem-solving.",30 credit hours of university-level studies. Political Studies Category: Political Theory and Methodology,,,,CMU-UG-2026-27-COURSE-POLS-2500,40-Course-Descriptions/POLS-Political-Studies.md,official_transcription,pending
2026-27,POLS,Political Studies,POLS-2600,Social and Political Philosophy,3.0,"What is human nature? Should society be organized to reflect this? What is justice? Are states coercive by nature? How does property inform politics? What is ethical citizenship? These questions are explored through a survey of Western political thinkers including Plato, Aristotle, Machiavelli, Hobbes, Locke, Rousseau, de Gouges, Burke, Wollstonecraft, Mill, and Marx, and by examining their contemporary legacy. Political Studies Category: Political Theory and Methodology.",,,,,CMU-UG-2026-27-COURSE-POLS-2600,40-Course-Descriptions/POLS-Political-Studies.md,official_transcription,pending
2026-27,POLS,Political Studies,POLS-2950,Topics in Political Studies,3.0,"The content of this course will vary from year to year, depending on the needs of students and the interests and availability of instructors.",,,,,CMU-UG-2026-27-COURSE-POLS-2950,40-Course-Descriptions/POLS-Political-Studies.md,official_transcription,pending
2026-27,POLS,Political Studies,POLS-3000,"Politics, Society, and Mass Media",3.0,"This course examines the relationship between the mass communications media and the political and social processes in which they operate, investigating the state of research on mass media, the role of media in creating and shaping political awareness, and in influencing human behaviour and values. Examples of topics which may be covered are: media ownership and organization patterns, media in the electoral process, the media in developing nations, the media and globalization, propaganda, media freedom and public opinion.","30 credit hours of university-level studies, including 6 credit hours in social science. Political Studies Category: Comparative Politics of the North",,,,CMU-UG-2026-27-COURSE-POLS-3000,40-Course-Descriptions/POLS-Political-Studies.md,official_transcription,pending
2026-27,POLS,Political Studies,POLS-3230,"Women in Philosophy II: Arendt, De Beuvoir, Rand, and Weil",3.0,"In the middle of the 20 th century, while much of the world was preoccupied with the events of World War II, four remarkable women from France, Germany, and Russia were responding to the horrors of the war by undertaking new developments in the world of philosophy. By studying the lives and works of these four women—Hannah Arendt, Simone De Beauvoir, Ayn Rand, and Simone Weil—this course will serve as an opportunity to explore some foundational philosophical contributions of the 20 th century. Political Studies Category: Gender and Identity Politics.",,,,,CMU-UG-2026-27-COURSE-POLS-3230,40-Course-Descriptions/POLS-Political-Studies.md,official_transcription,pending
2026-27,POLS,Political Studies,POLS-3500,Gender and Politics,3.0,"This course examines the exclusion of women and gender diverse individuals and communities from public life and their emergence and resilience as political actors. By examining gendered roles as personal, private, corporate, and public, we will see how identities shape citizenship and political participation. With gender as a site of division and of solidarity with social movements reshaping contemporary political landscapes: the stakes are our shared and divergent experiences of being human and of what it means to seek and do justice.",,,,,CMU-UG-2026-27-COURSE-POLS-3500,40-Course-Descriptions/POLS-Political-Studies.md,official_transcription,pending
2026-27,POLS,Political Studies,POLS-3600,Topics in Political Theory,3.0,An engagement with classical and contemporary texts on a single theme. Examples of such themes include: justice; minority rights; human nature; political responsibility; alternatives to force; feminist political theory; citizenship and non-citizenship; postmodern political thought; political utopias; race theories and political identities; liberalism and its critics; Canadian political thought; science and politics.,,,,,CMU-UG-2026-27-COURSE-POLS-3600,40-Course-Descriptions/POLS-Political-Studies.md,official_transcription,pending
2026-27,POLS,Political Studies,POLS-3610,"A History of Money: Money, Power, and the Material Basis of Finance",3.0,"This course traces the history of money from Mesopotamian clay tablets to cryptocurrency, examining how monetary systems have always been entangled with material resources, political power, and moral reasoning. Drawing on economic anthropology, political economy, and biophysical economics, the course challenges standard assumptions about money as a neutral medium of exchange and equips students to understand contemporary monetary debates in deep historical context.",24 credit hours of university-level studies,,,,CMU-UG-2026-27-COURSE-POLS-3610,40-Course-Descriptions/POLS-Political-Studies.md,official_transcription,pending
2026-27,POLS,Political Studies,POLS-3950,Topics in Political Studies,3.0,"The content of this course will vary from year to year, depending on the needs of students and the interests and availability of instructors.",,,,,CMU-UG-2026-27-COURSE-POLS-3950,40-Course-Descriptions/POLS-Political-Studies.md,official_transcription,pending
2026-27,POLS,Political Studies,POLS-4100,Senior Seminar in Social Change,3.0,"In this capstone seminar, students review and compare inter-disciplinary and discipline-based approaches to social change, including issues in peacebuilding and conflict transformation, social and economic development, environmental sustainability, and democratization and social movements. Using a seminar format, students will examine contending theories of social change, and address questions of power, interpretation, ethics, commitments, and virtues in understanding and working for social change. These examinations will allow students to explore ways of integrating theories and practices and to articulate their own understanding and ethics of social change.","60 credit hours of university level studies, including 18 credit hours in IDS, PCTS, SOCI, POLS, GEOG, or PSYC. It is recommended that the Work-Integrated Learning (WIL) requirement be completed prior to taking this course. Political Studies Category: Political Theory and Methodology",,,,CMU-UG-2026-27-COURSE-POLS-4100,40-Course-Descriptions/POLS-Political-Studies.md,official_transcription,pending
2026-27,POLS,Political Studies,POLS-4940,Independent Study in Political Studies,3.0,A study in a specific area of Political Studies under the direction of a faculty member. This course may be designed to qualify as an area course.,,,,,CMU-UG-2026-27-COURSE-POLS-4940,40-Course-Descriptions/POLS-Political-Studies.md,official_transcription,pending
2026-27,POLS,Political Studies,POLS-4950,Topics in Political Studies,3.0,"The content of this course will vary from year to year, depending on the needs of students and the interests and availability of instructors.",,,,,CMU-UG-2026-27-COURSE-POLS-4950,40-Course-Descriptions/POLS-Political-Studies.md,official_transcription,pending
2026-27,PSYC,Psychology,PSYC-1010,Introduction to Psychology I: Foundations,3.0,"Survey of the psychological study of behaviour, and of the essential psychological and physiological foundations of human growth, thinking, and behaviour. Topics include research processes, neuropsychology, genetic and environmental influences, sensation and perception, consciousness, learning, and development.",,,,,CMU-UG-2026-27-COURSE-PSYC-1010,40-Course-Descriptions/PSYC-Psychology.md,official_transcription,pending
2026-27,PSYC,Psychology,PSYC-1020,Introduction to Psychology II: Individuals and Interactions,3.0,"Survey (or “examination”) of the psychological processes that shape individual human behaviour and thinking, and that influence interaction. Topics include memory, thinking and intelligence, motivation and emotion, personality, stress, disorders and their treatment, and social processes.",,,,,CMU-UG-2026-27-COURSE-PSYC-1020,40-Course-Descriptions/PSYC-Psychology.md,official_transcription,pending
2026-27,PSYC,Psychology,PSYC-2010,Brain and Behaviour,3.0,"This course explores the relationship between brain and behaviour beginning with an overview of the fundamental elements of the nervous system. Lectures will examine how these elements are integrated with systems responsible for sensation, motor control, emotion, sleep, learning and memory.",,,,,CMU-UG-2026-27-COURSE-PSYC-2010,40-Course-Descriptions/PSYC-Psychology.md,official_transcription,pending
2026-27,PSYC,Psychology,PSYC-2020,Organizational Behaviour,3.0,"Examination of the impact of human behaviour on the formal and informal organization. Topics include leadership, work groups, organizational conflict, and communications.",BUSI-1000 or PSYC-1020,,,,CMU-UG-2026-27-COURSE-PSYC-2020,40-Course-Descriptions/PSYC-Psychology.md,official_transcription,pending
2026-27,PSYC,Psychology,PSYC-2030,Research Design in Psychology,3.0,"An introduction to basic research designs in the social sciences. Topics include considerations in data collection, descriptive and survey methods, measurement techniques, experimental methods, the interpretation and reporting of results, and research ethics.",PSYC-1020,PSYC-2030L (lab) . A lab fee will be applied,,,CMU-UG-2026-27-COURSE-PSYC-2030,40-Course-Descriptions/PSYC-Psychology.md,official_transcription,pending
2026-27,PSYC,Psychology,PSYC-2040,Research Analysis in Psychology,3.0,"An introduction to basic techniques in data analysis for the social sciences, and their relation to specific research designs. Topics include descriptive statistics, predictive techniques, hypothesis testing and estimation, and inferential statistics.",,PSYC-2040L (lab) . A lab fee will be applied,,,CMU-UG-2026-27-COURSE-PSYC-2040,40-Course-Descriptions/PSYC-Psychology.md,official_transcription,pending
2026-27,PSYC,Psychology,PSYC-2050,Introduction to Qualitative Research in the Social Sciences,3.0,"This course provides an overview of the elements of qualitative research, including an examination of our beliefs about knowledge, the philosophical and theoretical stances used to inform research, and the strategies and techniques employed in qualitative research. We will examine contemporary methodologies (e.g., thematic analysis, ethnography, grounded theory) and practice research techniques through classroom exercises (e.g., interviewing, conducting focus groups, coding data).",18 credit hours credit hours of university-level studies,,,,CMU-UG-2026-27-COURSE-PSYC-2050,40-Course-Descriptions/PSYC-Psychology.md,official_transcription,pending
2026-27,PSYC,Psychology,PSYC-2100,Social Cognition and Influence,3.0,"An examination of how we think about ourselves and about the people around us. Topics include social perception, our social selves, beliefs and judgments, attitudes, conformity, and persuasion.",,,,,CMU-UG-2026-27-COURSE-PSYC-2100,40-Course-Descriptions/PSYC-Psychology.md,official_transcription,pending
2026-27,PSYC,Psychology,PSYC-2110,Social Relationships and Behaviour,3.0,"A study of how relationships are formed, maintained, and disrupted. Topics may include group dynamics, close relationships, prejudice, aggression, attraction, and conflict.",,,,,CMU-UG-2026-27-COURSE-PSYC-2110,40-Course-Descriptions/PSYC-Psychology.md,official_transcription,pending
2026-27,PSYC,Psychology,PSYC-2200,Developmental Psychology: Childhood,3.0,"A study of psychological development from prenatal life until puberty. Topics include personality and social development, perceptual and cognitive development, language, intelligence, and moral development.",,,,,CMU-UG-2026-27-COURSE-PSYC-2200,40-Course-Descriptions/PSYC-Psychology.md,official_transcription,pending
2026-27,PSYC,Psychology,PSYC-2210,Developmental Psychology: Adolescence,3.0,"A study of major psychological development from puberty through emerging adulthood. Topics may include the history of theory and research into adolescence, family structures, parent and peer influences, sex role development, identification, cognitive development, and youth culture.",,,,,CMU-UG-2026-27-COURSE-PSYC-2210,40-Course-Descriptions/PSYC-Psychology.md,official_transcription,pending
2026-27,PSYC,Psychology,PSYC-2220,Developmental Psychology: Adulthood,3.0,"A study of psychological development and adjustment during adulthood and aging. Topics include normal aging processes, family relationships, work and retirement, health concerns, life satisfaction, and end of life issues.",,,,,CMU-UG-2026-27-COURSE-PSYC-2220,40-Course-Descriptions/PSYC-Psychology.md,official_transcription,pending
2026-27,PSYC,Psychology,PSYC-2252,Conflict and Networked Communication,3.0,"This course examines the nature of communication networks – from horse riding messengers to AI bots on social media – and their psychological impact on different levels of human conflict analysis (interpersonal, intergroup, and international). The class will review this evolving social psychological and cultural interplay drawing on interdisciplinary readings as well as analyzing historical and contemporary case studies.",PSYC-1010 and PSYC-1020. Psychology Category: Social Processes,,,,CMU-UG-2026-27-COURSE-PSYC-2252,40-Course-Descriptions/PSYC-Psychology.md,official_transcription,pending
2026-27,PSYC,Psychology,PSYC-2300,Cognitive Processes,3.0,"A study of the unique cognitive processes that determine our understanding of the external world (and its people). We will examine the processes of perception and attention, of learning and memory, of language production and comprehension, and of reasoning and decision making. Attention is given to both effective functioning and to the biases and distortions that influence our thinking.",,,,,CMU-UG-2026-27-COURSE-PSYC-2300,40-Course-Descriptions/PSYC-Psychology.md,official_transcription,pending
2026-27,PSYC,Psychology,PSYC-2400,Counselling Theories,3.0,"An overview of current counselling theories, such as Psychoanalytic, Existential, Person-Centered, Gestalt, Reality, Behaviour, and Cognitive therapies. Attention will be given to their respective therapeutic processes and to a critical evaluation of each theory.",,,,,CMU-UG-2026-27-COURSE-PSYC-2400,40-Course-Descriptions/PSYC-Psychology.md,official_transcription,pending
2026-27,PSYC,Psychology,PSYC-2410,Counselling Techniques,3.0,"In this course we will learn to apply the therapeutic concepts necessary for best practice in counselling, which include therapeutic listening, ethical considerations, boundary clarity, building therapeutic rapport, relevant information gathering, and clinical interventions. Throughout, we will be employing a trauma-informed, developmental-attachment model. Students will participate in role-play demonstrations to integrate clinical and theoretical knowledge. Course assignments combine academic research and writing with presentations and teamwork that mirror clinical practices in current therapeutic milieu. Topics covered will include working with crisis, abuse, individuals, couples, families, anger, grief, depression, anxiety, gender, and trauma.",PSYC-2400. Psychology Category: Health Psychology,,,,CMU-UG-2026-27-COURSE-PSYC-2410,40-Course-Descriptions/PSYC-Psychology.md,official_transcription,pending
2026-27,PSYC,Psychology,PSYC-2470,Health Psychology,3.0,"This course is an examination of the psychological influences on health and illness and how these interact with biological and social factors. This course examines health psychology as a discipline and explores a variety of psychological topics related to the development and treatment of illness and disease. Topics may include attitudes and beliefs toward health and illness, the link between physical and mental health, and the impact of stress, pain, injury and disease on our psychological wellbeing.",,,,,CMU-UG-2026-27-COURSE-PSYC-2470,40-Course-Descriptions/PSYC-Psychology.md,official_transcription,pending
2026-27,PSYC,Psychology,PSYC-2480,Non-Verbal Communication,3.0,"In class we will look at all the ways humans communicate, that are not words. This course explores body language, internal feedback loops (interoceptions), and our reptilian and mammalian brains’ attention to danger and safety. We will unpack the importance of touch, smell, and sight in communicating who we are and our intentions. It will also address the ways that physical environments communicate comfort or unease.",,,,,CMU-UG-2026-27-COURSE-PSYC-2480,40-Course-Descriptions/PSYC-Psychology.md,official_transcription,pending
2026-27,PSYC,Psychology,PSYC-2700,Interpersonal Communication,3.0,An examination of the multilevel communication processes that underlie and support social interaction and relationship formation and change. Special attention will be given to the differences and connections between verbal and nonverbal communication and to the rules and rituals of social interaction in everyday life.,"PCTS-1110, PSYC-1020, or SOCI-1110. Psychology Category: Social Processes",,,,CMU-UG-2026-27-COURSE-PSYC-2700,40-Course-Descriptions/PSYC-Psychology.md,official_transcription,pending
2026-27,PSYC,Psychology,PSYC-2800,History of Psychology,3.0,"This course explores the intellectual and social contexts within which the diverse theories and models of the discipline have arisen. Major themes and trends will be analyzed, together with influential theorists and landmark studies. Most importantly, the assumptions underlying psychological explanations for human behaviour will be examined.",,,,,CMU-UG-2026-27-COURSE-PSYC-2800,40-Course-Descriptions/PSYC-Psychology.md,official_transcription,pending
2026-27,PSYC,Psychology,PSYC-2810,Psychology of Gender,3.0,"This course provides an overview of the psychological study of gender and will provide a critical examination of assumptions about women and men, including the influences of gender stereotypes on psychological theory and research. Areas of interest include similarities and differences in cognition and emotion, societal understandings of femininity and masculinity, the nature and development of gender roles, gendered political and economic forces, and women’s and men’s movements.",,,,,CMU-UG-2026-27-COURSE-PSYC-2810,40-Course-Descriptions/PSYC-Psychology.md,official_transcription,pending
2026-27,PSYC,Psychology,PSYC-2950,Topics in Psychology,3.0,"The content of this course will vary from year to year, depending on the needs of students and the interests and availability of instructors.",,,,,CMU-UG-2026-27-COURSE-PSYC-2950,40-Course-Descriptions/PSYC-Psychology.md,official_transcription,pending
2026-27,PSYC,Psychology,PSYC-3000,Organizational Leadership,3.0,"Examination of the theory and practice of leadership and decision-making in organizations. Topics include trait, behavioural and situational models of organizational leadership, leadership as power and influence, and processes involved in the decision making of individuals and groups, large and small, formal and informal. Attention will also be given to development of skills in leadership.",30 credit hours of university-level courses,,,,CMU-UG-2026-27-COURSE-PSYC-3000,40-Course-Descriptions/PSYC-Psychology.md,official_transcription,pending
2026-27,PSYC,Psychology,PSYC-3010,The Neuroscience of Social Behavior,3.0,"We explore the neural processes underlying important aspects of our social behavior. In seminar format, we will consider topics central to social psychology, reviewing landmark contributions from social neuroscience, and some of the cutting-edge findings in this burgeoning field of study. Topics include neuroscience perspectives on person perception, the need to belong, mortality salience, social pain, intergroup relations, anger, and aggression, and more.",,,,,CMU-UG-2026-27-COURSE-PSYC-3010,40-Course-Descriptions/PSYC-Psychology.md,official_transcription,pending
2026-27,PSYC,Psychology,PSYC-3020,Psychology of Motivation,3.0,"In this course, we survey recent trends in the psychological study of motivation. We consider contemporary social cognitive perspectives and the results of recent motivation research. Issues to be explored in depth include: expectancy-value theory, self-regulation and self-efficacy, attribution theory, intrinsic motivation, the roles of emotion and cognition, and influences of priming.",,,,,CMU-UG-2026-27-COURSE-PSYC-3020,40-Course-Descriptions/PSYC-Psychology.md,official_transcription,pending
2026-27,PSYC,Psychology,PSYC-3040,Political Psychology,3.0,"An exploration of how individual and social psychological processes interact with and shape political dynamics at different levels of analysis. Topics may include political attitudes and values, ideology, group membership and polarization, mobilization, leadership and decision making.",,,,,CMU-UG-2026-27-COURSE-PSYC-3040,40-Course-Descriptions/PSYC-Psychology.md,official_transcription,pending
2026-27,PSYC,Psychology,PSYC-3050,Cultural Psychology,3.0,"An exploration of the ways that culture has shaped and continues to shape individual and group level psychological processes. Topics will include gene-culture co-evolution, psychological adaptation, acculturation, globalization, and the impacts of digital cultures.",,,,,CMU-UG-2026-27-COURSE-PSYC-3050,40-Course-Descriptions/PSYC-Psychology.md,official_transcription,pending
2026-27,PSYC,Psychology,PSYC-3060,Positive Psychology,3.0,"This course examines aspects of 'the good life', including character strengths, virtues, relationships, and the means by which these are fostered. Positive psychology emphasizes the pursuit of happiness, growth, and meaning in our lives. Topics may include the roles of mindfulness, flow, and positive emotion; the contributions of traits such as wisdom, compassion, discipline, resilience, creativity, grit, and transcendence; and the influences of education, home, and work relationships on growth and flourishing.",,,,,CMU-UG-2026-27-COURSE-PSYC-3060,40-Course-Descriptions/PSYC-Psychology.md,official_transcription,pending
2026-27,PSYC,Psychology,PSYC-3070,Peace Psychology,3.0,"Peace psychology examines how individual differences and intergroup dynamics contribute to the escalation and de ‑ escalation of conflict. Engaging theory, empirical research, and applied practice from diverse conflict contexts, this course introduces psychological frameworks for analyzing and evaluating peacebuilding interventions, including their long ‑ term durability. Topics include violent mobilization, resistance and resilience, victim–perpetrator relations, the political economy of peace, reconciliation, and sustainable peacebuilding.","30 credit hours of university-level studies, including PSYC-1020. Psychology Category: Social Processes",,,,CMU-UG-2026-27-COURSE-PSYC-3070,40-Course-Descriptions/PSYC-Psychology.md,official_transcription,pending
2026-27,PSYC,Psychology,PSYC-3220,Adult Development: Aging and Society,3.0,"A comprehensive study of aging in individual and societal contexts. We will look critically at the physical, cognitive, social, and psychological aspects of aging in society today as well as theories related to aging. We will touch on many topics related to aging and, where possible, we will listen to perspectives of older adults and persons who hold special knowledge about older adults.",,,,,CMU-UG-2026-27-COURSE-PSYC-3220,40-Course-Descriptions/PSYC-Psychology.md,official_transcription,pending
2026-27,PSYC,Psychology,PSYC-3400,Abnormal Psychology,3.0,"An examination of current theory and research regarding abnormal human behaviour, and an attempt to understand psychological disorders within the context of human biology, development, and society. Topics may include stress and anxiety, affective disorders, psychophysiological and personality disorders, mental health, policy, and social issues. Both scientific explanation and phenomenology will be addressed.",,,,,CMU-UG-2026-27-COURSE-PSYC-3400,40-Course-Descriptions/PSYC-Psychology.md,official_transcription,pending
2026-27,PSYC,Psychology,PSYC-3430,"Theories of Addiction, Models of Care",3.0,"This course will provide students with a historical understanding of the way societies understand and respond to addictions from Moral to Mutual Aid and Harm Reduction Models. Students will develop critical perspectives on how language, policies and interventions shape our understanding of addiction as well as learn about skills to engage in helpful facilitation in the field of substance misuse and abuse. Special attention will be given to how social work has been involved in related areas of practice and policy and how marginalized communities have been harmed by society’s responses to addiction.","PSYC-2410, SWRK-2410, or SWRK-2420. Psychology Category: Health Psychology",,,,CMU-UG-2026-27-COURSE-PSYC-3430,40-Course-Descriptions/PSYC-Psychology.md,official_transcription,pending
2026-27,PSYC,Psychology,PSYC-3500,Psychology of Personality,3.0,"A survey of traditional and modern approaches to explaining the underlying bases of personality structure and development, together with individual differences. Emphasis is placed on the interrelation of theory, assessment, and research, and on current themes in the study of personality.",,,,,CMU-UG-2026-27-COURSE-PSYC-3500,40-Course-Descriptions/PSYC-Psychology.md,official_transcription,pending
2026-27,PSYC,Psychology,PSYC-3600,Trauma and Resilience,3.0,"In this course we will examine the history of Post-Traumatic Stress Disorder, as well as its neurological basis and current treatments. The course will focus on individual trauma responses and their treatments. Drawing on the current understandings of the embodiment of trauma, the course explores Somatic Experiencing, Neuropsychiatric Analysis and Developmental-Attachment Psychological Models to elucidate the impacts of trauma and effective trauma recovery modalities. Course assignments and readings focus on robust integration of theoretical understandings of trauma from a neuro-biological lens with current clinical applications.",12 credit hours in Psychology. Psychology Category: Health Psychology,,,,CMU-UG-2026-27-COURSE-PSYC-3600,40-Course-Descriptions/PSYC-Psychology.md,official_transcription,pending
2026-27,PSYC,Psychology,PSYC-3610,Trauma Informed Social Work,3.0,"Many whom social workers encounter in practice have experienced trauma. As such, this course seeks to educate students about theories of trauma and how to intervene in ways that can ensure that they are able to provide the safety and support that people need to receive help that takes into account how trauma can affect both the social worker and others, especially various marginalized groups in society. Special attention will be given to the impact of intergenerational trauma that significantly impacts Indigenous people and others. This course will provide students with practical learning opportunities in order to effectively engage in trauma informed practice.",12 credit hours in Psychology. Psychology Category: Health Psychology,,,,CMU-UG-2026-27-COURSE-PSYC-3610,40-Course-Descriptions/PSYC-Psychology.md,official_transcription,pending
2026-27,PSYC,Psychology,PSYC-3800,Psychology and Christianity,3.0,"Both Christian belief and psychological theory have much to say about human nature, about what/ how we can know, and about how we should think and behave. There are many points of agreement and of conflict. This course represents a re-consideration of various psychological theories and well-known research findings from Christian perspectives.",,,,,CMU-UG-2026-27-COURSE-PSYC-3800,40-Course-Descriptions/PSYC-Psychology.md,official_transcription,pending
2026-27,PSYC,Psychology,PSYC-3950,Topics in Psychology,3.0,"The content of this course will vary from year to year, depending on the needs of students and the interests and availability of instructors.",,,,,CMU-UG-2026-27-COURSE-PSYC-3950,40-Course-Descriptions/PSYC-Psychology.md,official_transcription,pending
2026-27,PSYC,Psychology,PSYC-4010,Senior Seminar Identity and Intersectionality,3.0,"This course critically examines the complex and diverse ways intersectionality is used as an interpretive framework across disciplines to examine identity. We will explore how intersectionality can be understood as a paradigm, theory, concept, practice, and methodology to study identity. This course will consider how gender, sex, culture, faith and religion, class, ability, and political realities are factors in identity, and we will examine how identity and intersectionality connect to histories of violence and oppression, as well as to human survival, persistence, and resistance.","60 credit hours of university-level studies, including 12 credit hours in Psychology or Peace and Conflict Transformation Studies. Psychology Category: Social Processes",,,,CMU-UG-2026-27-COURSE-PSYC-4010,40-Course-Descriptions/PSYC-Psychology.md,official_transcription,pending
2026-27,PSYC,Psychology,PSYC-4030,Qualitative Inquiry in the Social Sciences,3.0,"Examination of principles and procedures for conducting qualitative research in the social sciences. Topics include: the assumptions that inform qualitative research designs; procedures for gathering meaningful data through interviews, observation, and textual archives; the analysis of such data; and ethical issues pertaining to the research endeavour.","60 credit hours of university-level studies, including 12 credit hours in social sciences",,,,CMU-UG-2026-27-COURSE-PSYC-4030,40-Course-Descriptions/PSYC-Psychology.md,official_transcription,pending
2026-27,PSYC,Psychology,PSYC-4940,Independent Study in Psychology,3.0,A study in a specific area of Psychology under the direction of a faculty member.,,,,,CMU-UG-2026-27-COURSE-PSYC-4940,40-Course-Descriptions/PSYC-Psychology.md,official_transcription,pending
2026-27,PSYC,Psychology,PSYC-4950,Topics in Psychology,3.0,"The content of this course will vary from year to year, depending on the needs of students and the interests and availability of instructors.",,,,,CMU-UG-2026-27-COURSE-PSYC-4950,40-Course-Descriptions/PSYC-Psychology.md,official_transcription,pending
2026-27,RLGN,Religion,RLGN-1700,Religious Traditions of the World I,3.0,"A survey of living religious traditions from Indigenous communities in the Americas, and those originating in Asia, including Hinduism, Buddhism, Daoism, and Confucianism, in terms of their development, ideas, and diverse practices and expressions. Includes reflection on the strengths and limitations which these religious traditions offer toward meeting challenging issues within local and global communities.",,,,,CMU-UG-2026-27-COURSE-RLGN-1700,40-Course-Descriptions/RLGN-Religion.md,official_transcription,pending
2026-27,RLGN,Religion,RLGN-1710,Religious Traditions of the World II,3.0,"A survey of living religions from African Indigenous communities, and those originating in the ancient Near East, including Judaism, Islam, and Christianity (especially in its non-Western forms) in terms of their development, ideas, and diverse practices and expressions. Includes reflection on the strengths and limitations which these religious traditions offer towards meeting challenging issues within local and global communities.",,,,,CMU-UG-2026-27-COURSE-RLGN-1710,40-Course-Descriptions/RLGN-Religion.md,official_transcription,pending
2026-27,RLGN,Religion,RLGN-3780,Interfaith and Intercultural Encounters,3.0,"Interfaith and intercultural encounters are part of everyday life and may involve indifference, conflict, or violence, a surface ‑ level tolerance or co ‑ existence, or mutual learning and flourishing. This course examines how such encounters shape personal, social, ecclesial, and political life. Drawing on Christian traditions along with Indigenous, Jewish, Islamic, and other perspectives, students consider how encounters with “the other” can foster respect, dignity, and human flourishing.",30 credit hours of university-level studies,,,,CMU-UG-2026-27-COURSE-RLGN-3780,40-Course-Descriptions/RLGN-Religion.md,official_transcription,pending
2026-27,RLGN,Religion,RLGN-4800,Faiths Seeking Justice,3.0,"Because religiously pluralistic landscapes are increasingly part of the lived realities of many, the course will analyze how different religious traditions draw from their cherished oral and textual sources to imagine justice-seeking in the world. Recognizing that justice might resonate differently for different faith traditions, the course privileges pursuits for justice as necessarily interfaith pursuits and that we will be better together when we understand each other’s religious pursuits as pursuits of justice in which our common humanity is at stake.",30 credit hours of university-level studies,,,,CMU-UG-2026-27-COURSE-RLGN-4800,40-Course-Descriptions/RLGN-Religion.md,official_transcription,pending
2026-27,SWRK,Social Work,SWRK-1000,Exploring Social Work Practice,3.0,This course is an introduction to the profession of social work. It will examine the history and theoretical evolution of social work practice through a critical lens. The enduring core competencies and values of social work will be examined. Attention will be given to the roles that social workers play in today's society. Open to non-Social Work students.,,,,,CMU-UG-2026-27-COURSE-SWRK-1000,40-Course-Descriptions/SWRK-Social-Work.md,official_transcription,pending
2026-27,SWRK,Social Work,SWRK-2000,Social Welfare,3.0,"This course examines the interplay between social theories and social services to provision human needs. We will explore how economic, political, and ethical ideas about society and human nature shape the development and delivery of social services. Through a critical lens, we will survey the history of social welfare in Canada and analyze the functions and challenges of major social welfare institutions. Open to non-Social Work students.",,,,,CMU-UG-2026-27-COURSE-SWRK-2000,40-Course-Descriptions/SWRK-Social-Work.md,official_transcription,pending
2026-27,SWRK,Social Work,SWRK-2010,Welfare in Canada: Origins and Current Challenges,3.0,"This course will explore the historical and contemporary understandings of the contemporary welfare state. The history of welfare as it has emerged and been shaped by Anglophone, Francophone and Indigenous peoples will be the focus. Students will be challenged to reflect on their own privilege and bias via Anti-Oppressive, Anti-Capitalist and Indigenous perspectives of the role of the state in providing welfare. Open to non-Social Work students.",,,,,CMU-UG-2026-27-COURSE-SWRK-2010,40-Course-Descriptions/SWRK-Social-Work.md,official_transcription,pending
2026-27,SWRK,Social Work,SWRK-2200,Decolonizing Human Behaviour in the Social Environment I,3.0,"Indigenous, Anti-Colonial and non-Western theories are introduced to challenge a colonizing view of human nature, behaviour, and action. These theories span the social work landscape from Micro to Macro, from Individual (and Individualist) to group, community (and collectivist) perspectives.",,,,,CMU-UG-2026-27-COURSE-SWRK-2200,40-Course-Descriptions/SWRK-Social-Work.md,official_transcription,pending
2026-27,SWRK,Social Work,SWRK-2221,Social Work and Restorative Justice,3.0,"Identifies the principles of restorative justice and explores the application of these principles. Includes a critical assessment of victim-offender mediation, and the application of restorative principles within the criminal justice system, as they affect victims, offenders, and the community. Alternative models of the justice system as a whole will also be considered.",PCTS-1110 or SWRK-1000. Open to non-Social Work students,,,,CMU-UG-2026-27-COURSE-SWRK-2221,40-Course-Descriptions/SWRK-Social-Work.md,official_transcription,pending
2026-27,SWRK,Social Work,SWRK-2410,Counselling Techniques,3.0,"In this course we will learn to apply the therapeutic concepts necessary for best practice in counselling, which include therapeutic listening, ethical considerations, boundary clarity, building therapeutic rapport, relevant information gathering, and clinical interventions. Throughout, we will be employing a trauma-informed, developmental-attachment model. Students will participate in role-play demonstrations to integrate clinical and theoretical knowledge. Course assignments combine academic research and writing with presentations and teamwork that mirror clinical practices in current therapeutic milieu. Topics covered will include working with crisis, abuse, individuals, couples, families, anger, grief, depression, anxiety, gender, and trauma.",PSYC- 2400 or admission to the Social Work program. Open to non-Social Work students,,,,CMU-UG-2026-27-COURSE-SWRK-2410,40-Course-Descriptions/SWRK-Social-Work.md,official_transcription,pending
2026-27,SWRK,Social Work,SWRK-2420,Listening to and Supporting Others,3.0,"This course will be an introduction to skill-based practice. Students will learn skills of active listening, organizing and developing initial assessments, including but not limited to social histories and mental health assessments. Theoretical knowledge will include strength-based perspectives, reflexive practice, and basic mental health literacy, including how models of crisis intervention can be utilized by social workers to effectively serve others.",PSYC- 2400 or admission to the Social Work program. Open to non-Social Work students,,,,CMU-UG-2026-27-COURSE-SWRK-2420,40-Course-Descriptions/SWRK-Social-Work.md,official_transcription,pending
2026-27,SWRK,Social Work,SWRK-2730,Research Methods in Social Work,3.0,"Social Science Research Methods course from a Social Work perspective. Topics such as the design and collection of data, evaluation and analysis are geared towards developing literacy for understanding social science research, including Indigenous research. Further topics include but are not limited to ethics in research, with special focus on Indigenous issues regarding research itself.",PSYC-1020. Open to non-Social Work students,,,,CMU-UG-2026-27-COURSE-SWRK-2730,40-Course-Descriptions/SWRK-Social-Work.md,official_transcription,pending
2026-27,SWRK,Social Work,SWRK-2950,Topics in Social Work,3.0,"The content of this course will vary from year to year, depending on the needs of students and the interests and availability of instructors.",,,,,CMU-UG-2026-27-COURSE-SWRK-2950,40-Course-Descriptions/SWRK-Social-Work.md,official_transcription,pending
2026-27,SWRK,Social Work,SWRK-3120,"Cultures of Violence, Cultures of Peace",3.0,"A multi-layered examination of peace and violence from the perspective of culture, addressing questions such as: How are attitudes towards peace and violence reflected in the way cultures enact discipline, security, education, reconciliation, etc.? How are peace and violence reflected in expressions of popular culture and various sub-cultures? How are peace and violence modelled in relationships between different cultures? How might the very idea of culture be questioned through the lens of peace?","30 credit hours of university-level studies, including PCTS-1110 or SWRK-1000. Open to non-Social Work students",,,,CMU-UG-2026-27-COURSE-SWRK-3120,40-Course-Descriptions/SWRK-Social-Work.md,official_transcription,pending
2026-27,SWRK,Social Work,SWRK-3200,Decolonizing Human Behaviour in the Social Environment II,3.0,"This course seeks to make strange the assumptions about human behaviour. Students will learn about Western models used to explain human behaviour within a bio-psycho-social-spiritual framework and are encouraged to reflect on how this helps understand ideology driving both medical and welfare-oriented practice. These theories span the social work landscape from micro to macro, from individual (and individualist) to group, community (and collectivist) perspectives.",,,,,CMU-UG-2026-27-COURSE-SWRK-3200,40-Course-Descriptions/SWRK-Social-Work.md,official_transcription,pending
2026-27,SWRK,Social Work,SWRK-3210,Indigenous People and Social Work Practice,3.0,"This course is an Indigenous-led and centred course. Students will gain a deeper understanding of both historical and contemporary harms due to colonization as well as appreciating the rich and diverse cultural traditions and the resurgence of local Indigenous peoples. Various approaches to learning will be included that embody Indigenous ways of knowing and challenge students to consider how they will incorporate this learning into their future social work, including models of practice that place emphasis on respect for and honouring of land, land-based pedagogy, Indigenous ways of healing, and ecological justice.",,,,,CMU-UG-2026-27-COURSE-SWRK-3210,40-Course-Descriptions/SWRK-Social-Work.md,official_transcription,pending
2026-27,SWRK,Social Work,SWRK-3220,Criminology/Victimology and Social Work Practice,3.0,"This course will prepare students to understand and navigate the legal system, including how to effectively advocate for and support those impacted by the system of law enforcement. Students will learn about and critique various theories of crime and their impact on the role of the state in the development and enforcement of legislation. Students will learn to critically examine their own positionality and assumptions about crime and the legal fiction in order to be effective supports and advocates to those most impacted by the system of law enforcement.",,,,,CMU-UG-2026-27-COURSE-SWRK-3220,40-Course-Descriptions/SWRK-Social-Work.md,official_transcription,pending
2026-27,SWRK,Social Work,SWRK-3300,Environmental Justice and Social Work Practice,3.0,"Students will learn about the ways that climate change has and will continue to impact people's lives. This includes but is not limited to learning about Climate refugees, Environmental Racism, and Ecological Anxiety and exploring the role social work ought to play to address these issues. Students will learn about the challenges for social work in reconciling its own failure to centre the environment. Students will learn about both Indigenous and non-Indigenous approaches to addressing climate change and be challenged to consider how social work can become involved.",,,,,CMU-UG-2026-27-COURSE-SWRK-3300,40-Course-Descriptions/SWRK-Social-Work.md,official_transcription,pending
2026-27,SWRK,Social Work,SWRK-3400,"Critical Praxis and Anti-Oppressive Social Work Practice for Groups, Organizations, and Communities",3.0,"Students will learn about Group interventions including task and process groups via both mainstream and critical, anti-oppressive approaches. This course will look at how to engage in both clinical as well as organizational change work. Skills include effective networking and related skills for the human relations component of administrative, community, and organizing work including community asset mapping. Theories of practice will touch on Critical Praxis, including Indigenous, Anti-Oppressive Practice (AOP), Feminist, Structural oriented interventions.",,,,,CMU-UG-2026-27-COURSE-SWRK-3400,40-Course-Descriptions/SWRK-Social-Work.md,official_transcription,pending
2026-27,SWRK,Social Work,SWRK-3410,Clinical Social Work Practice: Theories for Working with Individuals,3.0,"This course is designed to expose students to theories of clinical practice with Individuals. As social workers, there is a need to be familiar with clinical approaches in order to facilitate access to resources for those with whom they are engaging in the helping relationship. Students will learn about advanced approaches for individual interventions including CBT, DBT and Motivational Interviewing. Skills include clinical engagement for mental well-being of others, and clinical documentation. Trauma Informed, Strength Based, and client centered perspectives will be taught.",,,,,CMU-UG-2026-27-COURSE-SWRK-3410,40-Course-Descriptions/SWRK-Social-Work.md,official_transcription,pending
2026-27,SWRK,Social Work,SWRK-3420,Gerontological Social Work Practice,3.0,"Social work practice in the field of gerontology is the focus in this course. Students will learn about theories of aging. They will explore the unique challenges of this population, including aging specific knowledge related to mental health, physical concerns, spirituality, and family dynamics. They will engage in both clinical and policy related applications. Students will engage in discussion and reflection on the cultural factors influencing how aging is perceived, its impact on policies, and impact on social work practice.",,,,,CMU-UG-2026-27-COURSE-SWRK-3420,40-Course-Descriptions/SWRK-Social-Work.md,official_transcription,pending
2026-27,SWRK,Social Work,SWRK-3430,"Theories of Addiction, Models of Care",3.0,"This course will provide students with a historical understanding of the way societies understand and respond to addictions from Moral to Mutual Aid and Harm Reduction Models. Students will develop critical perspectives on how language, policies and interventions shape our understanding of addiction as well as learn about skills to engage in helpful facilitation in the field of substance misuse and abuse. Special attention will be given to how social work has been involved in related areas of practice and policy and how marginalized communities have been harmed by society’s responses to addiction.","PSYC-2410, SWRK-2410, or SWRK-2420. Open to non-Social Work students",,,,CMU-UG-2026-27-COURSE-SWRK-3430,40-Course-Descriptions/SWRK-Social-Work.md,official_transcription,pending
2026-27,SWRK,Social Work,SWRK-3440,"Disability, Madness, and Social Work",3.0,"This course will orient students to common mainstream theories such as the medical model in order to understand and critically examine alternatives offered via the fields of Mad Studies, Anti-Psychiatry, and the Social Model of Disability. Student are encouraged to develop their own ideas of how to engage in this field of practice that centers the lived experience of those most directly impacted by the mental health system. Students will be able to demonstrate skills including how to perform a mental status assessment while critically reflecting on the limitations of this field of practice and the challenges in bringing about a mental health practice that is more humane, destigmatized, and decolonised.",,,,,CMU-UG-2026-27-COURSE-SWRK-3440,40-Course-Descriptions/SWRK-Social-Work.md,official_transcription,pending
2026-27,SWRK,Social Work,SWRK-3450,2SLGBTQIA+ and Social Work Practice,3.0,"Students will learn about theories of gender and sexuality and identity from non-Western, Indigenous, and Western approaches to challenge their own understanding of these and to increase their ability to be present and open to the experience of others. As part of this experience, students will be challenged to reflect on their own positionality including the impact of worldview, spirituality, and faith as they learn about the history of and ongoing experiences of 2SLGBTQIA+.",,,,,CMU-UG-2026-27-COURSE-SWRK-3450,40-Course-Descriptions/SWRK-Social-Work.md,official_transcription,pending
2026-27,SWRK,Social Work,SWRK-3460,"Immigration, Refugees and Newcomers",3.0,This course will explore both theories of practice and educate students about the experiences of these populations in coming to Canada. Students will explore how anti-racist and decolonizing theories provide guidance on best practices as well as the unique challenges experienced by populations coming from Francophone countries. This includes highlighting the importance of understanding what is meant with ‘Active Offer.’,,,,,CMU-UG-2026-27-COURSE-SWRK-3460,40-Course-Descriptions/SWRK-Social-Work.md,official_transcription,pending
2026-27,SWRK,Social Work,SWRK-3470,Spirituality in Social Work Practice,3.0,"This course explores the role of spirituality in making meaning of human experience and facilitating healing, growth and social change. Students will develop a spiritually sensitive framework for practice that acknowledges and celebrates a diversity of spiritual and religious expressions and offers tools for critical self-reflection and ethical exploration with clients. Relevant topics include the role of spirituality in trauma and resilience, social justice, community, environmental concerns, anti-oppressive practice, ethics, and practitioner self-care. We will explore diverse religious and spiritual traditions including Christian Anabaptism, Indigenous spirituality and various world religions, and will discuss spirituality and religion in early social work practice and their role in colonization.",,,,,CMU-UG-2026-27-COURSE-SWRK-3470,40-Course-Descriptions/SWRK-Social-Work.md,official_transcription,pending
2026-27,SWRK,Social Work,SWRK-3600,Trauma and Resilience,3.0,"In this course we will examine the history of Post-Traumatic Stress Disorder, as well as its neurological basis and current treatments. The course will focus on individual trauma responses and their treatments. Drawing on the current understandings of the embodiment of trauma, the course explores Somatic Experiencing, Neuropsychiatric Analysis and Developmental-Attachment Psychological Models to elucidate the impacts of trauma and effective trauma recovery modalities. Course assignments and readings focus on robust integration of theoretical understandings of trauma from a neuro-biological lens with current clinical applications.",12 credit hours in Psychology or admission to the Social Work program,,,,CMU-UG-2026-27-COURSE-SWRK-3600,40-Course-Descriptions/SWRK-Social-Work.md,official_transcription,pending
2026-27,SWRK,Social Work,SWRK-3610,Trauma Informed Social Work,3.0,"Many whom social workers encounter in practice have experienced trauma. As such, this course seeks to educate students about theories of trauma and how to intervene in ways that can ensure that they are able to provide the safety and support that people need to receive help that takes into account how trauma can affect both the social worker and others, especially various marginalized groups in society. Special attention will be given to the impact of intergenerational trauma that significantly impacts Indigenous people and others. This course will provide students with practical learning opportunities in order to effectively engage in trauma informed practice.",12 credit hours in Psychology or admission to the Social Work program. Open to non-Social Work students,,,,CMU-UG-2026-27-COURSE-SWRK-3610,40-Course-Descriptions/SWRK-Social-Work.md,official_transcription,pending
2026-27,SWRK,Social Work,SWRK-3800,Holistic Ethical Practice,3.0,"Students will be introduced to a variety of approaches to ethical practice. This includes a historical overview of traditional approaches which tend to be found in professional social work codes of ethics as well as paradigms of an ethic of care that challenge a western, colonized notion of the self and our location within the social and natural world. Students are encouraged to engage in debate and critical examination of their future role in social work practice that includes how faith and spirituality shape understandings of moral action, behavior and decision making.",,,,,CMU-UG-2026-27-COURSE-SWRK-3800,40-Course-Descriptions/SWRK-Social-Work.md,official_transcription,pending
2026-27,SWRK,Social Work,SWRK-3900,Social Work Field Practicum I,6.0,"Students will be attending a field placement where they will be able to learn about direct practice. The use of skills and approaches to care will be further developed via learning in the field setting, under the supervision of experienced practitioners and in consultation with their field liaison.","PSYC-2410, SWRK-2410, or SWRK-2420, and admission to the Social Work program",SWRK-3400 and SWRK-3910,,,CMU-UG-2026-27-COURSE-SWRK-3900,40-Course-Descriptions/SWRK-Social-Work.md,official_transcription,pending
2026-27,SWRK,Social Work,SWRK-3910,Social Work Field Seminar I,3.0,Students will meet with peers and a faculty member for the purpose of discussing and reflecting on their practicum experience via integrating course-based content into practice. Course objectives include the focus on developing a professional sense of self in the context of social work education as well learning about the profession in practice.,"PSYC-2410, SWRK-2410, or SWRK-2420, and admission to the Social Work program",SWRK-3400 and SWRK-3900,,,CMU-UG-2026-27-COURSE-SWRK-3910,40-Course-Descriptions/SWRK-Social-Work.md,official_transcription,pending
2026-27,SWRK,Social Work,SWRK-3990,PLAR: Social Work Field Practicum,9.0,Students may have the opportunity to complete a prior learning and assessment review (PLAR) based on a determination by the field education program in lieu of completing their first field placement. This course involves the completion of pedagogic exercises to assess and evaluate learning integration from social work classes with prior experiences in the field of practice.,"PSYC-2410, SWRK-2410, or SWRK-2420, and admission to the Social Work program",,,,CMU-UG-2026-27-COURSE-SWRK-3990,40-Course-Descriptions/SWRK-Social-Work.md,official_transcription,pending
2026-27,SWRK,Social Work,SWRK-3950,Topics in Social Work,3.0,"The content of this course will vary from year to year, depending on the needs of students and the interests and availability of instructors.",,,,,CMU-UG-2026-27-COURSE-SWRK-3950,40-Course-Descriptions/SWRK-Social-Work.md,official_transcription,pending
2026-27,SWRK,Social Work,SWRK-4000,Social Work Today,3.0,"Topics will be introduced that challenge the student to apply prior knowledge of policy, welfare and the political ideologies that influence the way society views those most marginalized. While not exhaustive, topics will include the Truth and Reconciliation process (recommendations, responses and outcome), Francophone related issues (e.g. French speaking immigrants and the idea of first offer), discrimination of 2SLGBTQIA+, Disability Rights, the feminization of poverty, Criminal Justice, and more as students learn to engage in policy making and reform.",,,,,CMU-UG-2026-27-COURSE-SWRK-4000,40-Course-Descriptions/SWRK-Social-Work.md,official_transcription,pending
2026-27,SWRK,Social Work,SWRK-4010,"Gender, Patriarchy, and the Indian Act: How a Legal Framework has Impacted Indigenous Identities",3.0,"This course uses the Indian Act to understand how Indigenous peoples of Turtle Island have been forced to accept a colonized mindset about gender, gender relations, and hierarchy. Students will learn to apply feminist, queer, Indigenous, and anti-colonial perspectives to understand the mechanisms of social engineering while learning about how policies are developed and made. In so doing, students will be challenged to reflect on how 2SLGBTQIA+ people are being harmed by settler/colonial worldviews and how these contribute to MMIWG2S people. By engaging with these theories and concepts, students will develop an understanding of critical analysis of policies and their real-world impact on human flourishing .",,,,,CMU-UG-2026-27-COURSE-SWRK-4010,40-Course-Descriptions/SWRK-Social-Work.md,official_transcription,pending
2026-27,SWRK,Social Work,SWRK-4400,Family Foundations,3.0,"This course seeks to center the idea of family preservation and reunification. Students will be introduced to social work-related and non-western theories and interventions related to attachment, trauma-informed care, and All of My Relations. They will learn about and critique various models of child welfare and explore the role of family preservation and reunification from within and outside of the child welfare system. Tools for working with families will be explored. This course includes experiential learning regarding developing skills for group, family, and child welfare fields of practice.",,,,,CMU-UG-2026-27-COURSE-SWRK-4400,40-Course-Descriptions/SWRK-Social-Work.md,official_transcription,pending
2026-27,SWRK,Social Work,SWRK-4410,Engaging the World,3.0,"Students will be exposed to theories of community, both natural and the imposed (e.g., professional at places of work). The aim is to challenge students to critically examine how communities develop, are fostered and engaged with in order to address social issues, facilitate improved public health, and promote a better world for all. Theories of resiliency are examined and critiqued, from Anti-Oppressive and other Critical Praxis approaches. Skills include community organizing, teaching oppressed communities how to empower themselves (e.g., how to record the police etc., engage in public speaking, media communication). Topics will include MMIWG2S, Environmental Justice, BLM and RLM, Pride, Make Poverty History, and more as illustrations and lessons in how to engage in change.",,,,,CMU-UG-2026-27-COURSE-SWRK-4410,40-Course-Descriptions/SWRK-Social-Work.md,official_transcription,pending
2026-27,SWRK,Social Work,SWRK-4900,Social Work Field Practicum II,6.0,"This is the second field placement where students will be able to further develop their learning about direct social work practice. The use of skills and approaches to care will be further developed via learning in the field setting, under the supervision of experienced practitioners and in consultation with their field liaison.","SWRK-3900, SWRK-3910, and admission to the Social Work program",,,,CMU-UG-2026-27-COURSE-SWRK-4900,40-Course-Descriptions/SWRK-Social-Work.md,official_transcription,pending
2026-27,SWRK,Social Work,SWRK-4910,Social Work Field Seminar II,3.0,"Students will continue to meet with peers and a faculty member for the purpose of discussing and reflecting on their practicum experience via incorporating course-based content into practice. Course objectives include the focus on developing a professional sense of self in the context of social work education as well learning about the profession in practice. This includes project-based learning where students will be making a presentation about their understanding of social work, their own development in this field and their goal for social work practice.","SWRK-3900, SWRK-3910, and admission to the Social Work program",,,,CMU-UG-2026-27-COURSE-SWRK-4910,40-Course-Descriptions/SWRK-Social-Work.md,official_transcription,pending
2026-27,SWRK,Social Work,SWRK-4950,Topics in Social Work,3.0,"The content of this course will vary from year to year, depending on the needs of students and the interests and availability of instructors.",,,,,CMU-UG-2026-27-COURSE-SWRK-4950,40-Course-Descriptions/SWRK-Social-Work.md,official_transcription,pending
2026-27,SOCI,Sociology,SOCI-1110,Introduction to Sociology,3.0,"This course provides an introduction to sociology through the study of society, social institutions, group behaviour, and social change as guided by a range of theoretical and conceptual resources. It will place emphasis on using sociological thinking to understand a broad range of contemporary social behaviours.",,,,,CMU-UG-2026-27-COURSE-SOCI-1110,40-Course-Descriptions/SOCI-Sociology.md,official_transcription,pending
2026-27,SOCI,Sociology,SOCI-2000,Social Welfare,3.0,"This course examines the interplay between social theories and social services to provision human needs. We will explore how economic, political, and ethical ideas about society and human nature shape the development and delivery of social services. Through a critical lens, we will survey the history of social welfare in Canada and analyze the functions and challenges of major social welfare institutions.",,,,,CMU-UG-2026-27-COURSE-SOCI-2000,40-Course-Descriptions/SOCI-Sociology.md,official_transcription,pending
2026-27,SOCI,Sociology,SOCI-2020,Communities and Organizations,3.0,"Examines the characteristics and interactions of communities and organizations (e.g., service, advocacy, NGOs, government agencies) in light of sociological theory. Critical attention will be devoted to structural responses to social issues such as childcare, immigration, housing, unemployment, disability, healthcare, aging, and poverty.",,,,,CMU-UG-2026-27-COURSE-SOCI-2020,40-Course-Descriptions/SOCI-Sociology.md,official_transcription,pending
2026-27,SOCI,Sociology,SOCI-2030,Inter-Cultural Theory and Practice,3.0,"This course introduces the theoretical and methodological issues in inter-cultural study. Attention will be given to cultural translation, cultural encounters between groups, concomitant cultural appropriations, cross-fertilizations, transnational influence, identity, and resistance.",,,,,CMU-UG-2026-27-COURSE-SOCI-2030,40-Course-Descriptions/SOCI-Sociology.md,official_transcription,pending
2026-27,SOCI,Sociology,SOCI-2050,Introduction to Qualitative Research in the Social Sciences,3.0,"This course provides an overview of the elements of qualitative research, including an examination of our beliefs about knowledge, the philosophical and theoretical stances used to inform research, and the strategies and techniques employed in qualitative research. We will examine contemporary methodologies (e.g., thematic analysis, ethnography, grounded theory) and practice research techniques through classroom exercises (e.g., interviewing, conducting focus groups, coding data).",18 credit hours of university-level studies,,,,CMU-UG-2026-27-COURSE-SOCI-2050,40-Course-Descriptions/SOCI-Sociology.md,official_transcription,pending
2026-27,SOCI,Sociology,SOCI-2060,Sociology of Gender,3.0,"The study of gender from a sociological perspective develops an appreciation for how social structure, institutions, and culture shape gender roles and the lives of those who play these roles; and for how, at the same time, gender roles shape culture, institutions, and social structure. This course will also attend to the inherent or constructed debate about gender roles, the role of the media in shaping gender, and the intertwining of gender and family, politics, work, and religion.",,,,,CMU-UG-2026-27-COURSE-SOCI-2060,40-Course-Descriptions/SOCI-Sociology.md,official_transcription,pending
2026-27,SOCI,Sociology,SOCI-2100,Sociology and Anthropology of Religion,3.0,"In this course, we will explore religions as they are lived, practiced, and situated in society and culture, both in North America and across the world. We will consider religions' relationships to languages, social and cultural groups, institutions, political formations, social movements, power structures, and expressive cultures. And we will examine fluid and dynamic interrelationships between religions, cultures, and society, as they are situated in particular times and places. In so doing, we'll participate in ongoing discussions on religion in sociology and in anthropology.",30 credit hours of undergraduate studies,,,,CMU-UG-2026-27-COURSE-SOCI-2100,40-Course-Descriptions/SOCI-Sociology.md,official_transcription,pending
2026-27,SOCI,Sociology,SOCI-2425,"Citizenship, Land, and Economy",3.0,"Contemporary social, ecological, and financial challenges might be viewed as symptoms of a deeper spiritual and cultural conflict: separation from one another, our inner-beings, and the land. We will examine adaptive (and maladaptive) governance and lifestyle possibilities that might foster re/connections to people and place. Themes include the appropriate use of technology, the concept of work, traditional knowledge, gift cultures, the social safety net, alternative financial instruments, biological infrastructure, and other examples from around the world.",SOCI-1110,,,,CMU-UG-2026-27-COURSE-SOCI-2425,40-Course-Descriptions/SOCI-Sociology.md,official_transcription,pending
2026-27,SOCI,Sociology,SOCI-2600,Social and Political Philosophy,3.0,"What is human nature? Should society be organized to reflect this? What is justice? Are states coercive by nature? How does property inform politics? What is ethical citizenship? These questions are explored through a survey of Western political thinkers including Plato, Aristotle, Machiavelli, Hobbes, Locke, Rousseau, de Gouges, Burke, Wollstonecraft, Mill, and Marx, and by examining their contemporary legacy.",,,,,CMU-UG-2026-27-COURSE-SOCI-2600,40-Course-Descriptions/SOCI-Sociology.md,official_transcription,pending
2026-27,SOCI,Sociology,SOCI-2700,Interpersonal Communication,3.0,An examination of the multilevel communication processes that underlie and support social interaction and relationship formation and change. Special attention will be given to the differences and connections between verbal and nonverbal communication and to the rules and rituals of social interaction in everyday life.,"PCTS-1110, PSYC-1020, or SOCI-1110",,,,CMU-UG-2026-27-COURSE-SOCI-2700,40-Course-Descriptions/SOCI-Sociology.md,official_transcription,pending
2026-27,SOCI,Sociology,SOCI-2950,Topics in Sociology,3.0,"The content of this course will vary from year to year, depending on the needs of students and the interests and availability of instructors.",,,,,CMU-UG-2026-27-COURSE-SOCI-2950,40-Course-Descriptions/SOCI-Sociology.md,official_transcription,pending
2026-27,SOCI,Sociology,SOCI-3000,"Politics, Society, and Mass Media",3.0,"This course examines the relationship between the mass communications media and the political and social processes in which they operate, investigating the state of research on mass media, the role of media in creating and shaping political awareness, and in influencing human behaviour and values. Examples of topics which may be covered are: media ownership and organization patterns, media in the electoral process, the media in developing nations, the media and globalization, propaganda, media freedom and public opinion.","30 credit hours of university-level studies, including 6 credit hours in social science",,,,CMU-UG-2026-27-COURSE-SOCI-3000,40-Course-Descriptions/SOCI-Sociology.md,official_transcription,pending
2026-27,SOCI,Sociology,SOCI-3100,Ethical Living in a Technological Society,3.0,"This course will examine the implications of living in a technological society for our understandings of self, society, and Christian faith. The course will explore the historical roots of modern technology and the closely related domains of science and economics as well as a range of related philosophical, historical, psychological, and sociological critiques. Emphasis will be placed on identifying creative options for living “faithfully” within a technological society.","30 credit hours of university-level studies, including SOCI-1110",,,,CMU-UG-2026-27-COURSE-SOCI-3100,40-Course-Descriptions/SOCI-Sociology.md,official_transcription,pending
2026-27,SOCI,Sociology,SOCI-3521,Study of Simple Living,3.0,"Within International Development Studies, development is increasingly understood as a participatory, deliberate process aimed at enhancing the quality of life for individuals within social and ecological communities. This course examines the concepts, theories, and practices of simple living as an everyday, ordinary practice for individuals seeking alternatives to consumer values and culture. The course explores the roots of simple living and its modern expressions, with special emphasis on the relevance of simple living for building emotional well-being, vibrant communities, resilient ecological systems, and practices that contribute to social justice in a globalizing world.",30 credit hours of university-level studies,,,,CMU-UG-2026-27-COURSE-SOCI-3521,40-Course-Descriptions/SOCI-Sociology.md,official_transcription,pending
2026-27,SOCI,Sociology,SOCI-3700,The City and the Soul: Encountering Winnipeg Through The Wire,3.0,This course takes up the longstanding analogy of the city and the soul and explores it in the context of the contemporary city. Through an extended reading of The Wire —a critically acclaimed TV drama about the city—it invites students to reflect on what it might mean to pursue the good life in Winnipeg.,"30 credit hours of university-level studies, including 6 credit hours of Philosophy",,,,CMU-UG-2026-27-COURSE-SOCI-3700,40-Course-Descriptions/SOCI-Sociology.md,official_transcription,pending
2026-27,SOCI,Sociology,SOCI-3910,Music and Locality,3.0,"Most of us live our lives around and through music. We listen alongside many everyday activities—commuting, exercising, studying, cooking—but music is also at the heart of how we connect with friends, family, and our communities. This course centers musical practices as significantly meaningful, going beyond ideas of music as just entertainment or art, in order to explore people’s social relationships, personal and communal values, and music’s role in overall human flourishing. Students will engage in ethnographic investigations and qualitative analyses of local music scenes in Winnipeg, applying a variety of theories from sociology, media studies, and music to these local contexts and practices.",30 credit hours of university-level studies,,,,CMU-UG-2026-27-COURSE-SOCI-3910,40-Course-Descriptions/SOCI-Sociology.md,official_transcription,pending
2026-27,SOCI,Sociology,SOCI-3950,Topics in Sociology,3.0,"The content of this course will vary from year to year, depending on the needs of students and the interests and availability of instructors.",,,,,CMU-UG-2026-27-COURSE-SOCI-3950,40-Course-Descriptions/SOCI-Sociology.md,official_transcription,pending
2026-27,SOCI,Sociology,SOCI-4030,Qualitative Inquiry in the Social Sciences,3.0,"Examination of principles and procedures for conducting qualitative research in the social sciences. Topics include: the assumptions that inform qualitative research designs; procedures for gathering meaningful data through interviews, observation and textual archives; the analysis of such data; and ethical issues pertaining to the research endeavour.","60 credit hours of university-level studies, including 12 credit hours in social sciences",,,,CMU-UG-2026-27-COURSE-SOCI-4030,40-Course-Descriptions/SOCI-Sociology.md,official_transcription,pending
2026-27,SOCI,Sociology,SOCI-4100,Senior Seminar in Social Change,3.0,"In this capstone seminar, students review and compare inter-disciplinary and discipline-based approaches to social change, including issues in peacebuilding and conflict transformation, social and economic development, environmental sustainability, and democratization and social movements. Using a seminar format, students will examine contending theories of social change, and address questions of power, interpretation, ethics, commitments, and virtues in understanding and working for social change. These examinations will allow students to explore ways of integrating theories and practices and articulate their own understanding and ethics of social change.","60 credit hours of university level studies, including 18 credit hours in GEOG, IDS, PCTS, POLS, SOCI, or PSYC. It is recommended that the Work-Integrated Learning (WIL) requirement be completed prior to taking this course",,,,CMU-UG-2026-27-COURSE-SOCI-4100,40-Course-Descriptions/SOCI-Sociology.md,official_transcription,pending
2026-27,SOCI,Sociology,SOCI-4940,Independent Study in Sociology,3.0,A study in a specific area of Sociology under the direction of a faculty member.,,,,,CMU-UG-2026-27-COURSE-SOCI-4940,40-Course-Descriptions/SOCI-Sociology.md,official_transcription,pending
2026-27,WIL,Work-Integrated Learning,WIL-2190,"Vocation, Meaning, and Work",3.0,"This course introduces vocation as an idea within a literature exploring the meaning of “work” and “career” in Christian contexts, and as a domain of reflective practice that can inform our life’s choices and their meanings. Students will read and reflect on “vocation” as an idea within a growing literature. Then, students will begin a portfolio that draws together documents related to their academic and personal lives, and that points towards meaningful next steps in pursuing vocation in these areas.",,,,,CMU-UG-2026-27-COURSE-WIL-2190,40-Course-Descriptions/WIL-Work-Integrated-Learning.md,official_transcription,pending
2026-27,WIL,Work-Integrated Learning,WIL-3000,Work-Integrated Learning Seminar,3.0,"This course draws on the strengths that experience/based education offers, with students spending a substantial amount of time (a minimum of 60 hours) in a supervised off-campus placement assigned according to the student's individual interests and academic goals. Reflection on the experience, both individually and in class with other students currently in WIL placements, will form an important component of the course. This course is scheduled alongside other courses during the academic year.",,,,,CMU-UG-2026-27-COURSE-WIL-3000,40-Course-Descriptions/WIL-Work-Integrated-Learning.md,official_transcription,pending
2026-27,WIL,Work-Integrated Learning,WIL-3005,Work-Integrated Learning Seminar,6.0,"This course draws on the strengths that experience/based education offers, with students spending a substantial amount of time (a minimum of one hundred twenty hours) in a supervised off-campus placement assigned according to the student's individual interests and academic goals. Reflection on the experience, both individually and in class with other students currently in WIL placements, will form an important component of the course. This course is scheduled alongside other courses during the academic year.",,,,,CMU-UG-2026-27-COURSE-WIL-3005,40-Course-Descriptions/WIL-Work-Integrated-Learning.md,official_transcription,pending
2026-27,WIL,Work-Integrated Learning,WIL-3100,Intensive Work-Integrated Learning Seminar,3.0,This course requires students to spend a block of concentrated time in a placement over a minimum of six weeks. This course is normally completed during one semester and is considered the main course of study that semester.,,,,,CMU-UG-2026-27-COURSE-WIL-3100,40-Course-Descriptions/WIL-Work-Integrated-Learning.md,official_transcription,pending
2026-27,WIL,Work-Integrated Learning,WIL-3110,Intensive Work-Integrated Learning Seminar,6.0,This course requires students to spend a block of concentrated time in a placement over a minimum of 12 weeks. This course is normally completed during one semester and is considered the main course of study that semester.,,,,,CMU-UG-2026-27-COURSE-WIL-3110,40-Course-Descriptions/WIL-Work-Integrated-Learning.md,official_transcription,pending
